created_at,entry_id,field1,field2,latitude,longitude,elevation,status
2024-04-10T09:58:57+00:00,1,0.11,,,,,
2024-04-10T09:58:59+00:00,2,,0.06,,,,
2024-04-10T09:59:02+00:00,3,1.31,,,,,
2024-04-10T09:59:04+00:00,4,,1.44,,,,
2024-04-10T09:59:07+00:00,5,0.08,,,,,
2024-04-10T09:59:09+00:00,6,,0.08,,,,
2024-04-10T09:59:13+00:00,7,0.08,,,,,
2024-04-10T09:59:15+00:00,8,,0.07,,,,
2024-04-10T09:59:18+00:00,9,0.08,,,,,
2024-04-10T09:59:20+00:00,10,,0.08,,,,
2024-04-10T09:59:23+00:00,11,0.07,,,,,
2024-04-10T09:59:25+00:00,12,,0.07,,,,
2024-04-10T09:59:28+00:00,13,0.09,,,,,
2024-04-10T09:59:30+00:00,14,,0.06,,,,
2024-04-10T09:59:33+00:00,15,0.08,,,,,
2024-04-10T09:59:35+00:00,16,,0.06,,,,
2024-04-10T09:59:38+00:00,17,0.08,,,,,
2024-04-10T09:59:40+00:00,18,,0.06,,,,
2024-04-10T09:59:43+00:00,19,0.11,,,,,
2024-04-10T09:59:45+00:00,20,,0.08,,,,
2024-04-10T09:59:48+00:00,21,0.08,,,,,
2024-04-10T09:59:50+00:00,22,,0.07,,,,
2024-04-10T09:59:54+00:00,23,0.08,,,,,
2024-04-10T09:59:56+00:00,24,,0.07,,,,
2024-04-10T09:59:59+00:00,25,0.1,,,,,
2024-04-10T10:00:01+00:00,26,,0.07,,,,
2024-04-10T10:00:04+00:00,27,0.08,,,,,
2024-04-10T10:00:06+00:00,28,,0.08,,,,
2024-04-10T10:00:09+00:00,29,0.09,,,,,
2024-04-10T10:00:11+00:00,30,,0.07,,,,
2024-04-10T10:00:14+00:00,31,0.08,,,,,
2024-04-10T10:00:16+00:00,32,,0.07,,,,
2024-04-10T10:00:21+00:00,33,0.08,,,,,
2024-04-10T10:00:24+00:00,34,0.07,,,,,
2024-04-10T10:00:26+00:00,35,,0.06,,,,
2024-04-10T10:00:30+00:00,36,0.08,,,,,
2024-04-10T10:00:32+00:00,37,,0.06,,,,
2024-04-10T10:00:35+00:00,38,0.09,,,,,
2024-04-10T10:00:37+00:00,39,,0.08,,,,
2024-04-10T10:00:40+00:00,40,0.1,,,,,
2024-04-10T10:00:42+00:00,41,,0.07,,,,
2024-04-10T10:00:45+00:00,42,0.09,,,,,
2024-04-10T10:00:47+00:00,43,,0.08,,,,
2024-04-10T10:00:50+00:00,44,0.08,,,,,
2024-04-10T10:00:52+00:00,45,,0.07,,,,
2024-04-10T10:00:55+00:00,46,0.07,,,,,
2024-04-10T10:00:57+00:00,47,,0.06,,,,
2024-04-10T10:01:00+00:00,48,0.09,,,,,
2024-04-10T10:01:02+00:00,49,,0.08,,,,
2024-04-10T10:01:06+00:00,50,0.1,,,,,
2024-04-10T10:01:08+00:00,51,,0.08,,,,
2024-04-10T10:01:11+00:00,52,0.08,,,,,
2024-04-10T10:01:13+00:00,53,,0.07,,,,
2024-04-10T10:01:16+00:00,54,0.08,,,,,
2024-04-10T10:01:18+00:00,55,,0.07,,,,
2024-04-10T10:01:21+00:00,56,0.07,,,,,
2024-04-10T10:01:23+00:00,57,,0.06,,,,
2024-04-10T10:01:26+00:00,58,0.08,,,,,
2024-04-10T10:01:28+00:00,59,,0.07,,,,
2024-04-10T10:01:31+00:00,60,0.09,,,,,
2024-04-10T10:01:33+00:00,61,,0.07,,,,
2024-04-10T10:01:36+00:00,62,0.06,,,,,
2024-04-10T10:01:38+00:00,63,,0.08,,,,
2024-04-10T10:01:41+00:00,64,0.08,,,,,
2024-04-10T10:01:43+00:00,65,,0.08,,,,
2024-04-10T10:01:47+00:00,66,0.09,,,,,
2024-04-10T10:01:49+00:00,67,,0.11,,,,
2024-04-10T10:01:52+00:00,68,0.09,,,,,
2024-04-10T10:01:54+00:00,69,,0.08,,,,
2024-04-10T10:01:57+00:00,70,0.09,,,,,
2024-04-10T10:01:59+00:00,71,,0.08,,,,
2024-04-10T10:02:02+00:00,72,0.09,,,,,
2024-04-10T10:02:04+00:00,73,,0.06,,,,
2024-04-10T10:02:07+00:00,74,0.09,,,,,
2024-04-10T10:02:09+00:00,75,,0.07,,,,
2024-04-10T10:02:12+00:00,76,0.1,,,,,
2024-04-10T10:02:14+00:00,77,,0.06,,,,
2024-04-10T10:02:17+00:00,78,0.07,,,,,
2024-04-10T10:02:19+00:00,79,,0.08,,,,
2024-04-10T10:02:23+00:00,80,0.07,,,,,
2024-04-10T10:02:25+00:00,81,,0.09,,,,
2024-04-10T10:02:28+00:00,82,0.08,,,,,
2024-04-10T10:02:30+00:00,83,,0.08,,,,
2024-04-10T10:02:33+00:00,84,0.07,,,,,
2024-04-10T10:02:35+00:00,85,,0.08,,,,
2024-04-10T10:02:38+00:00,86,0.08,,,,,
2024-04-10T10:02:40+00:00,87,,0.07,,,,
2024-04-10T10:02:43+00:00,88,0.09,,,,,
2024-04-10T10:02:45+00:00,89,,0.09,,,,
2024-04-10T10:02:48+00:00,90,0.08,,,,,
2024-04-10T10:02:50+00:00,91,,0.05,,,,
2024-04-10T10:02:53+00:00,92,0.07,,,,,
2024-04-10T10:02:55+00:00,93,,0.09,,,,
2024-04-10T10:02:58+00:00,94,0.08,,,,,
2024-04-10T10:03:00+00:00,95,,0.08,,,,
2024-04-10T10:03:04+00:00,96,0.06,,,,,
2024-04-10T10:03:06+00:00,97,,0.08,,,,
2024-04-10T10:03:09+00:00,98,0.09,,,,,
2024-04-10T10:03:11+00:00,99,,0.07,,,,
2024-04-10T10:03:14+00:00,100,0.09,,,,,
2024-04-10T10:03:16+00:00,101,,0.06,,,,
2024-04-10T10:03:19+00:00,102,0.08,,,,,
2024-04-10T10:03:21+00:00,103,,0.07,,,,
2024-04-10T10:03:24+00:00,104,0.1,,,,,
2024-04-10T10:03:26+00:00,105,,0.07,,,,
2024-04-10T10:03:29+00:00,106,0.09,,,,,
2024-04-10T10:03:31+00:00,107,,0.06,,,,
2024-04-10T10:03:34+00:00,108,0.08,,,,,
2024-04-10T10:03:36+00:00,109,,0.07,,,,
2024-04-10T10:03:41+00:00,110,0.09,,,,,
2024-04-10T10:03:45+00:00,111,0.1,,,,,
2024-04-10T10:03:47+00:00,112,,0.06,,,,
2024-04-10T10:03:50+00:00,113,0.09,,,,,
2024-04-10T10:03:52+00:00,114,,0.08,,,,
2024-04-10T10:03:55+00:00,115,0.08,,,,,
2024-04-10T10:03:57+00:00,116,,0.08,,,,
2024-04-10T10:04:00+00:00,117,0.09,,,,,
2024-04-10T10:04:02+00:00,118,,0.09,,,,
2024-04-10T10:04:05+00:00,119,0.08,,,,,
2024-04-10T10:04:07+00:00,120,,0.08,,,,
2024-04-10T10:04:10+00:00,121,0.09,,,,,
2024-04-10T10:04:12+00:00,122,,0.08,,,,
2024-04-10T10:04:15+00:00,123,0.09,,,,,
2024-04-10T10:04:18+00:00,124,,0.1,,,,
2024-04-10T10:04:21+00:00,125,0.09,,,,,
2024-04-10T10:04:23+00:00,126,,0.07,,,,
2024-04-10T10:04:26+00:00,127,0.08,,,,,
2024-04-10T10:04:28+00:00,128,,0.07,,,,
2024-04-10T10:04:31+00:00,129,0.07,,,,,
2024-04-10T10:04:33+00:00,130,,0.08,,,,
2024-04-10T10:04:36+00:00,131,0.08,,,,,
2024-04-10T10:04:38+00:00,132,,0.09,,,,
2024-04-10T10:04:41+00:00,133,0.09,,,,,
2024-04-10T10:04:43+00:00,134,,0.06,,,,
2024-04-10T10:04:46+00:00,135,0.08,,,,,
2024-04-10T10:04:48+00:00,136,,0.1,,,,
2024-04-10T10:04:51+00:00,137,0.08,,,,,
2024-04-10T10:04:53+00:00,138,,0.1,,,,
2024-04-10T10:04:57+00:00,139,0.07,,,,,
2024-04-10T10:04:58+00:00,140,,0.06,,,,
2024-04-10T10:05:02+00:00,141,0.1,,,,,
2024-04-10T10:05:05+00:00,142,,0.08,,,,
2024-04-10T10:05:07+00:00,143,0.09,,,,,
2024-04-10T10:05:09+00:00,144,,0.08,,,,
2024-04-10T10:05:12+00:00,145,0.07,,,,,
2024-04-10T10:05:14+00:00,146,,0.06,,,,
2024-04-10T10:05:17+00:00,147,0.07,,,,,
2024-04-10T10:05:19+00:00,148,,0.06,,,,
2024-04-10T10:05:22+00:00,149,0.07,,,,,
2024-04-10T10:05:24+00:00,150,,0.07,,,,
2024-04-10T10:05:27+00:00,151,0.08,,,,,
2024-04-10T10:05:29+00:00,152,,0.06,,,,
2024-04-10T10:05:33+00:00,153,0.08,,,,,
2024-04-10T10:05:35+00:00,154,,0.08,,,,
2024-04-10T10:05:38+00:00,155,0.07,,,,,
2024-04-10T10:05:40+00:00,156,,0.05,,,,
2024-04-10T10:05:43+00:00,157,0.1,,,,,
2024-04-10T10:05:45+00:00,158,,0.07,,,,
2024-04-10T10:05:48+00:00,159,0.1,,,,,
2024-04-10T10:05:50+00:00,160,,0.07,,,,
2024-04-10T10:05:53+00:00,161,0.08,,,,,
2024-04-10T10:05:55+00:00,162,,0.05,,,,
2024-04-10T10:05:58+00:00,163,0.08,,,,,
2024-04-10T10:06:00+00:00,164,,0.06,,,,
2024-04-10T10:06:03+00:00,165,0.08,,,,,
2024-04-10T10:06:05+00:00,166,,0.07,,,,
2024-04-10T10:06:08+00:00,167,0.1,,,,,
2024-04-10T10:06:11+00:00,168,,0.06,,,,
2024-04-10T10:06:14+00:00,169,0.07,,,,,
2024-04-10T10:06:16+00:00,170,,0.07,,,,
2024-04-10T10:06:19+00:00,171,0.08,,,,,
2024-04-10T10:06:21+00:00,172,,0.07,,,,
2024-04-10T10:06:24+00:00,173,0.06,,,,,
2024-04-10T10:06:26+00:00,174,,0.06,,,,
2024-04-10T10:06:29+00:00,175,0.08,,,,,
2024-04-10T10:06:31+00:00,176,,0.07,,,,
2024-04-10T10:06:35+00:00,177,0.09,,,,,
2024-04-10T10:06:37+00:00,178,,0.08,,,,
2024-04-10T10:06:39+00:00,179,0.1,,,,,
2024-04-10T10:06:41+00:00,180,,0.08,,,,
2024-04-10T10:06:45+00:00,181,0.1,,,,,
2024-04-10T10:06:46+00:00,182,,0.07,,,,
2024-04-10T10:06:49+00:00,183,0.08,,,,,
2024-04-10T10:06:51+00:00,184,,0.06,,,,
2024-04-10T10:06:55+00:00,185,0.09,,,,,
2024-04-10T10:06:57+00:00,186,,0.07,,,,
2024-04-10T10:07:00+00:00,187,0.1,,,,,
2024-04-10T10:07:02+00:00,188,,0.1,,,,
2024-04-10T10:07:05+00:00,189,0.09,,,,,
2024-04-10T10:07:07+00:00,190,,0.1,,,,
2024-04-10T10:07:10+00:00,191,0.1,,,,,
2024-04-10T10:07:12+00:00,192,,0.08,,,,
2024-04-10T10:07:15+00:00,193,0.06,,,,,
2024-04-10T10:07:17+00:00,194,,0.08,,,,
2024-04-10T10:07:20+00:00,195,0.07,,,,,
2024-04-10T10:07:22+00:00,196,,0.07,,,,
2024-04-10T10:07:25+00:00,197,0.06,,,,,
2024-04-10T10:07:27+00:00,198,,0.09,,,,
2024-04-10T10:07:31+00:00,199,0.09,,,,,
2024-04-10T10:07:33+00:00,200,,0.06,,,,
2024-04-10T10:07:36+00:00,201,0.08,,,,,
2024-04-10T10:07:38+00:00,202,,0.07,,,,
2024-04-10T10:07:41+00:00,203,0.08,,,,,
2024-04-10T10:07:43+00:00,204,,0.08,,,,
2024-04-10T10:07:46+00:00,205,0.07,,,,,
2024-04-10T10:07:48+00:00,206,,0.08,,,,
2024-04-10T10:07:51+00:00,207,0.06,,,,,
2024-04-10T10:07:53+00:00,208,,0.07,,,,
2024-04-10T10:07:56+00:00,209,0.08,,,,,
2024-04-10T10:07:58+00:00,210,,0.06,,,,
2024-04-10T10:08:01+00:00,211,0.08,,,,,
2024-04-10T10:08:03+00:00,212,,0.06,,,,
2024-04-10T10:08:07+00:00,213,0.08,,,,,
2024-04-10T10:08:08+00:00,214,,0.08,,,,
2024-04-10T10:08:12+00:00,215,0.09,,,,,
2024-04-10T10:08:14+00:00,216,,0.06,,,,
2024-04-10T10:08:17+00:00,217,0.09,,,,,
2024-04-10T10:08:19+00:00,218,,0.07,,,,
2024-04-10T10:08:22+00:00,219,0.09,,,,,
2024-04-10T10:08:24+00:00,220,,0.06,,,,
2024-04-10T10:08:27+00:00,221,0.1,,,,,
2024-04-10T10:08:29+00:00,222,,0.06,,,,
2024-04-10T10:08:32+00:00,223,0.07,,,,,
2024-04-10T10:08:34+00:00,224,,0.09,,,,
2024-04-10T10:08:37+00:00,225,0.08,,,,,
2024-04-10T10:08:39+00:00,226,,0.06,,,,
2024-04-10T10:08:42+00:00,227,0.07,,,,,
2024-04-10T10:08:44+00:00,228,,0.07,,,,
2024-04-10T10:08:48+00:00,229,0.09,,,,,
2024-04-10T10:08:50+00:00,230,,0.06,,,,
2024-04-10T10:08:53+00:00,231,0.08,,,,,
2024-04-10T10:08:55+00:00,232,,0.07,,,,
2024-04-10T10:08:58+00:00,233,0.09,,,,,
2024-04-10T10:09:00+00:00,234,,0.07,,,,
2024-04-10T10:09:03+00:00,235,0.07,,,,,
2024-04-10T10:09:05+00:00,236,,0.09,,,,
2024-04-10T10:09:08+00:00,237,0.08,,,,,
2024-04-10T10:09:10+00:00,238,,0.06,,,,
2024-04-10T10:09:13+00:00,239,0.08,,,,,
2024-04-10T10:09:15+00:00,240,,0.07,,,,
2024-04-10T10:09:18+00:00,241,0.07,,,,,
2024-04-10T10:09:20+00:00,242,,0.08,,,,
2024-04-10T10:09:23+00:00,243,0.07,,,,,
2024-04-10T10:09:25+00:00,244,,0.07,,,,
2024-04-10T10:09:29+00:00,245,0.08,,,,,
2024-04-10T10:09:31+00:00,246,,0.07,,,,
2024-04-10T10:09:34+00:00,247,0.07,,,,,
2024-04-10T10:09:36+00:00,248,,0.06,,,,
2024-04-10T10:09:39+00:00,249,0.07,,,,,
2024-04-10T10:09:41+00:00,250,,0.07,,,,
2024-04-10T10:09:44+00:00,251,0.1,,,,,
2024-04-10T10:09:46+00:00,252,,0.08,,,,
2024-04-10T10:09:49+00:00,253,0.08,,,,,
2024-04-10T10:09:51+00:00,254,,0.06,,,,
2024-04-10T10:09:54+00:00,255,0.07,,,,,
2024-04-10T10:09:56+00:00,256,,0.06,,,,
2024-04-10T10:10:02+00:00,257,0.09,,,,,
2024-04-10T10:10:03+00:00,258,,0.06,,,,
2024-04-10T10:10:05+00:00,259,0.09,,,,,
2024-04-10T10:10:07+00:00,260,,0.1,,,,
2024-04-10T10:10:10+00:00,261,0.08,,,,,
2024-04-10T10:10:12+00:00,262,,0.07,,,,
2024-04-10T10:10:15+00:00,263,0.1,,,,,
2024-04-10T10:10:17+00:00,264,,0.07,,,,
2024-04-10T10:10:22+00:00,265,0.08,,,,,
2024-04-10T10:10:23+00:00,266,,0.08,,,,
2024-04-10T10:10:25+00:00,267,0.07,,,,,
2024-04-10T10:10:27+00:00,268,,0.09,,,,
2024-04-10T10:10:30+00:00,269,0.08,,,,,
2024-04-10T10:10:32+00:00,270,,0.07,,,,
2024-04-10T10:10:35+00:00,271,0.07,,,,,
2024-04-10T10:10:38+00:00,272,,0.07,,,,
2024-04-10T10:10:40+00:00,273,0.07,,,,,
2024-04-10T10:10:42+00:00,274,,0.08,,,,
2024-04-10T10:10:46+00:00,275,0.08,,,,,
2024-04-10T10:10:48+00:00,276,,0.07,,,,
2024-04-10T10:10:51+00:00,277,0.06,,,,,
2024-04-10T10:10:53+00:00,278,,0.07,,,,
2024-04-10T10:10:56+00:00,279,0.09,,,,,
2024-04-10T10:10:59+00:00,280,,0.07,,,,
2024-04-10T10:11:01+00:00,281,0.07,,,,,
2024-04-10T10:11:03+00:00,282,,0.06,,,,
2024-04-10T10:11:06+00:00,283,0.07,,,,,
2024-04-10T10:11:08+00:00,284,,0.08,,,,
2024-04-10T10:11:11+00:00,285,0.09,,,,,
2024-04-10T10:11:13+00:00,286,,0.08,,,,
2024-04-10T10:11:16+00:00,287,0.07,,,,,
2024-04-10T10:11:18+00:00,288,,0.07,,,,
2024-04-10T10:11:22+00:00,289,0.08,,,,,
2024-04-10T10:11:24+00:00,290,,0.09,,,,
2024-04-10T10:11:27+00:00,291,0.08,,,,,
2024-04-10T10:11:29+00:00,292,,0.07,,,,
2024-04-10T10:11:32+00:00,293,0.07,,,,,
2024-04-10T10:11:34+00:00,294,,0.09,,,,
2024-04-10T10:11:37+00:00,295,0.07,,,,,
2024-04-10T10:11:39+00:00,296,,0.09,,,,
2024-04-10T10:11:44+00:00,297,0.08,,,,,
2024-04-10T10:11:47+00:00,298,0.07,,,,,
2024-04-10T10:11:49+00:00,299,,0.08,,,,
2024-04-10T10:11:52+00:00,300,0.08,,,,,
2024-04-10T10:11:54+00:00,301,,0.07,,,,
2024-04-10T10:11:57+00:00,302,0.07,,,,,
2024-04-10T10:12:00+00:00,303,,0.07,,,,
2024-04-10T10:12:03+00:00,304,0.08,,,,,
2024-04-10T10:12:05+00:00,305,,0.07,,,,
2024-04-10T10:12:08+00:00,306,0.08,,,,,
2024-04-10T10:12:10+00:00,307,,0.06,,,,
2024-04-10T10:12:13+00:00,308,0.07,,,,,
2024-04-10T10:12:15+00:00,309,,0.06,,,,
2024-04-10T10:12:18+00:00,310,0.08,,,,,
2024-04-10T10:12:20+00:00,311,,0.06,,,,
2024-04-10T10:12:23+00:00,312,0.08,,,,,
2024-04-10T10:12:25+00:00,313,,0.07,,,,
2024-04-10T10:12:28+00:00,314,0.07,,,,,
2024-04-10T10:12:30+00:00,315,,0.04,,,,
2024-04-10T10:12:34+00:00,316,0.08,,,,,
2024-04-10T10:12:35+00:00,317,,0.07,,,,
2024-04-10T10:12:39+00:00,318,0.08,,,,,
2024-04-10T10:12:40+00:00,319,,0.06,,,,
2024-04-10T10:12:44+00:00,320,0.08,,,,,
2024-04-10T10:12:46+00:00,321,,0.07,,,,
2024-04-10T10:12:49+00:00,322,0.09,,,,,
2024-04-10T10:12:51+00:00,323,,0.07,,,,
2024-04-10T10:12:54+00:00,324,0.1,,,,,
2024-04-10T10:12:56+00:00,325,,0.08,,,,
2024-04-10T10:12:59+00:00,326,0.08,,,,,
2024-04-10T10:13:01+00:00,327,,0.06,,,,
2024-04-10T10:13:04+00:00,328,0.07,,,,,
2024-04-10T10:13:06+00:00,329,,0.05,,,,
2024-04-10T10:13:09+00:00,330,0.06,,,,,
2024-04-10T10:13:11+00:00,331,,0.06,,,,
2024-04-10T10:13:14+00:00,332,0.07,,,,,
2024-04-10T10:13:16+00:00,333,,0.08,,,,
2024-04-10T10:13:20+00:00,334,0.07,,,,,
2024-04-10T10:13:22+00:00,335,,0.09,,,,
2024-04-10T10:13:25+00:00,336,0.08,,,,,
2024-04-10T10:13:27+00:00,337,,0.06,,,,
2024-04-10T10:13:30+00:00,338,0.06,,,,,
2024-04-10T10:13:32+00:00,339,,0.06,,,,
2024-04-10T10:13:35+00:00,340,0.06,,,,,
2024-04-10T10:13:37+00:00,341,,0.07,,,,
2024-04-10T10:13:40+00:00,342,0.09,,,,,
2024-04-10T10:13:42+00:00,343,,0.08,,,,
2024-04-10T10:13:45+00:00,344,0.08,,,,,
2024-04-10T10:13:47+00:00,345,,0.09,,,,
2024-04-10T10:13:50+00:00,346,0.09,,,,,
2024-04-10T10:13:52+00:00,347,,0.07,,,,
2024-04-10T10:13:56+00:00,348,0.07,,,,,
2024-04-10T10:13:58+00:00,349,,0.06,,,,
2024-04-10T10:14:01+00:00,350,0.08,,,,,
2024-04-10T10:14:03+00:00,351,,0.07,,,,
2024-04-10T10:14:06+00:00,352,0.06,,,,,
2024-04-10T10:14:08+00:00,353,,0.05,,,,
2024-04-10T10:14:11+00:00,354,0.1,,,,,
2024-04-10T10:14:13+00:00,355,,0.09,,,,
2024-04-10T10:14:16+00:00,356,0.07,,,,,
2024-04-10T10:14:18+00:00,357,,0.07,,,,
2024-04-10T10:14:21+00:00,358,0.08,,,,,
2024-04-10T10:14:23+00:00,359,,0.8,,,,
2024-04-10T10:14:26+00:00,360,0.08,,,,,
2024-04-10T10:14:28+00:00,361,,1.85,,,,
2024-04-10T10:14:31+00:00,362,0.08,,,,,
2024-04-10T10:14:33+00:00,363,,1.47,,,,
2024-04-10T10:14:37+00:00,364,1.51,,,,,
2024-04-10T10:14:39+00:00,365,,0.7,,,,
2024-04-10T10:14:42+00:00,366,2.23,,,,,
2024-04-10T10:14:44+00:00,367,,1.88,,,,
2024-04-10T10:14:47+00:00,368,1.73,,,,,
2024-04-10T10:14:49+00:00,369,,1.51,,,,
2024-04-10T10:14:52+00:00,370,1.55,,,,,
2024-04-10T10:14:54+00:00,371,,1.99,,,,
2024-04-10T10:14:57+00:00,372,2.08,,,,,
2024-04-10T10:14:59+00:00,373,,1.03,,,,
2024-04-10T10:15:02+00:00,374,1.74,,,,,
2024-04-10T10:15:04+00:00,375,,1.87,,,,
2024-04-10T10:15:07+00:00,376,1.62,,,,,
2024-04-10T10:15:09+00:00,377,,1.22,,,,
2024-04-10T10:15:13+00:00,378,1.87,,,,,
2024-04-10T10:15:15+00:00,379,,1.71,,,,
2024-04-10T10:15:18+00:00,380,1.72,,,,,
2024-04-10T10:15:20+00:00,381,,0.05,,,,
2024-04-10T10:15:23+00:00,382,1.76,,,,,
2024-04-10T10:15:25+00:00,383,,0.06,,,,
2024-04-10T10:15:28+00:00,384,1.84,,,,,
2024-04-10T10:15:30+00:00,385,,0.07,,,,
2024-04-10T10:15:33+00:00,386,1.71,,,,,
2024-04-10T10:15:35+00:00,387,,0.05,,,,
2024-04-10T10:15:38+00:00,388,0.06,,,,,
2024-04-10T10:15:40+00:00,389,,0.08,,,,
2024-04-10T10:15:43+00:00,390,3.31,,,,,
2024-04-10T10:15:45+00:00,391,,0.05,,,,
2024-04-10T10:15:49+00:00,392,0.81,,,,,
2024-04-10T10:15:51+00:00,393,,0.09,,,,
2024-04-10T10:15:54+00:00,394,1.58,,,,,
2024-04-10T10:15:56+00:00,395,,0.07,,,,
2024-04-10T10:15:59+00:00,396,2.76,,,,,
2024-04-10T10:16:01+00:00,397,,0.08,,,,
2024-04-10T10:16:04+00:00,398,2.69,,,,,
2024-04-10T10:16:06+00:00,399,,0.07,,,,
2024-04-10T10:16:09+00:00,400,3,,,,,
2024-04-10T10:16:11+00:00,401,,0.08,,,,
2024-04-10T10:16:14+00:00,402,1.34,,,,,
2024-04-10T10:16:16+00:00,403,,0.06,,,,
2024-04-10T10:16:20+00:00,404,1.43,,,,,
2024-04-10T10:16:21+00:00,405,,1.94,,,,
2024-04-10T10:16:25+00:00,406,3.17,,,,,
2024-04-10T10:16:27+00:00,407,,1.09,,,,
2024-04-10T10:16:30+00:00,408,1.14,,,,,
2024-04-10T10:16:32+00:00,409,,1.78,,,,
2024-04-10T10:16:35+00:00,410,1.4,,,,,
2024-04-10T10:16:37+00:00,411,,1.29,,,,
2024-04-10T10:16:40+00:00,412,0.06,,,,,
2024-04-10T10:16:42+00:00,413,,1.69,,,,
2024-04-10T10:16:45+00:00,414,2.03,,,,,
2024-04-10T10:16:47+00:00,415,,1.94,,,,
2024-04-10T10:16:50+00:00,416,3.17,,,,,
2024-04-10T10:16:52+00:00,417,,1.32,,,,
2024-04-10T10:16:55+00:00,418,1.2,,,,,
2024-04-10T10:16:57+00:00,419,,1.38,,,,
2024-04-10T10:17:01+00:00,420,1.54,,,,,
2024-04-10T10:17:03+00:00,421,,1.62,,,,
2024-04-10T10:17:06+00:00,422,3.12,,,,,
2024-04-10T10:17:08+00:00,423,,1.98,,,,
2024-04-10T10:17:11+00:00,424,0.69,,,,,
2024-04-10T10:17:13+00:00,425,,1.01,,,,
2024-04-10T10:17:16+00:00,426,2.17,,,,,
2024-04-10T10:17:18+00:00,427,,1.76,,,,
2024-04-10T10:17:21+00:00,428,1.39,,,,,
2024-04-10T10:17:23+00:00,429,,1.35,,,,
2024-04-10T10:17:26+00:00,430,1.74,,,,,
2024-04-10T10:17:28+00:00,431,,0.07,,,,
2024-04-10T10:17:31+00:00,432,3.07,,,,,
2024-04-10T10:17:33+00:00,433,,1.11,,,,
2024-04-10T10:17:37+00:00,434,1.07,,,,,
2024-04-10T10:17:39+00:00,435,,1.7,,,,
2024-04-10T10:17:42+00:00,436,1.65,,,,,
2024-04-10T10:17:44+00:00,437,,1.43,,,,
2024-04-10T10:17:47+00:00,438,1.74,,,,,
2024-04-10T10:17:49+00:00,439,,1.68,,,,
2024-04-10T10:17:52+00:00,440,2.7,,,,,
2024-04-10T10:17:54+00:00,441,,1.92,,,,
2024-04-10T10:17:57+00:00,442,2.45,,,,,
2024-04-10T10:17:59+00:00,443,,0.92,,,,
2024-04-10T10:18:02+00:00,444,1.39,,,,,
2024-04-10T10:18:04+00:00,445,,1.59,,,,
2024-04-10T10:18:07+00:00,446,1.35,,,,,
2024-04-10T10:18:09+00:00,447,,1.66,,,,
2024-04-10T10:18:13+00:00,448,3.04,,,,,
2024-04-10T10:18:15+00:00,449,,1.91,,,,
2024-04-10T10:18:18+00:00,450,3.05,,,,,
2024-04-10T10:18:20+00:00,451,,1.13,,,,
2024-04-10T10:18:23+00:00,452,1.21,,,,,
2024-04-10T10:18:25+00:00,453,,1.75,,,,
2024-04-10T10:18:28+00:00,454,1.39,,,,,
2024-04-10T10:18:30+00:00,455,,1.45,,,,
2024-04-10T10:18:33+00:00,456,2.28,,,,,
2024-04-10T10:18:35+00:00,457,,1.85,,,,
2024-04-10T10:18:38+00:00,458,2.78,,,,,
2024-04-10T10:18:40+00:00,459,,1.22,,,,
2024-04-10T10:18:43+00:00,460,1.35,,,,,
2024-04-10T10:18:45+00:00,461,,1.69,,,,
2024-04-10T10:18:49+00:00,462,0.07,,,,,
2024-04-10T10:18:51+00:00,463,,1.67,,,,
2024-04-10T10:18:54+00:00,464,1.47,,,,,
2024-04-10T10:18:56+00:00,465,,1.48,,,,
2024-04-10T10:18:59+00:00,466,2.95,,,,,
2024-04-10T10:19:01+00:00,467,,1.89,,,,
2024-04-10T10:19:04+00:00,468,1.55,,,,,
2024-04-10T10:19:06+00:00,469,,1.69,,,,
2024-04-10T10:19:09+00:00,470,1.4,,,,,
2024-04-10T10:19:11+00:00,471,,2.01,,,,
2024-04-10T10:19:14+00:00,472,1.82,,,,,
2024-04-10T10:19:16+00:00,473,,1.31,,,,
2024-04-10T10:19:19+00:00,474,0.6,,,,,
2024-04-10T10:19:21+00:00,475,,1.87,,,,
2024-04-10T10:19:25+00:00,476,2.96,,,,,
2024-04-10T10:19:27+00:00,477,,1.16,,,,
2024-04-10T10:19:30+00:00,478,1.08,,,,,
2024-04-10T10:19:32+00:00,479,,1.66,,,,
2024-04-10T10:19:35+00:00,480,1.59,,,,,
2024-04-10T10:19:37+00:00,481,,0.08,,,,
2024-04-10T10:19:40+00:00,482,2.94,,,,,
2024-04-10T10:19:42+00:00,483,,1.81,,,,
2024-04-10T10:19:45+00:00,484,1.9,,,,,
2024-04-10T10:19:47+00:00,485,,1.25,,,,
2024-04-10T10:19:50+00:00,486,1.38,,,,,
2024-04-10T10:19:52+00:00,487,,1.65,,,,
2024-04-10T10:19:55+00:00,488,1.4,,,,,
2024-04-10T10:19:57+00:00,489,,1.64,,,,
2024-04-10T10:20:01+00:00,490,1.45,,,,,
2024-04-10T10:20:03+00:00,491,,1.46,,,,
2024-04-10T10:20:06+00:00,492,2.92,,,,,
2024-04-10T10:20:08+00:00,493,,1.82,,,,
2024-04-10T10:20:11+00:00,494,0.9,,,,,
2024-04-10T10:20:13+00:00,495,,1.21,,,,
2024-04-10T10:20:16+00:00,496,1.65,,,,,
2024-04-10T10:20:18+00:00,497,,1.7,,,,
2024-04-10T10:20:21+00:00,498,2.64,,,,,
2024-04-10T10:20:24+00:00,499,,1.58,,,,
2024-04-10T10:20:26+00:00,500,2.25,,,,,
2024-04-10T10:20:28+00:00,501,,1.53,,,,
2024-04-10T10:20:31+00:00,502,2.59,,,,,
2024-04-10T10:20:33+00:00,503,,1.9,,,,
2024-04-10T10:20:37+00:00,504,1.39,,,,,
2024-04-10T10:20:39+00:00,505,,1.06,,,,
2024-04-10T10:20:42+00:00,506,1.33,,,,,
2024-04-10T10:20:44+00:00,507,,1.73,,,,
2024-04-10T10:20:47+00:00,508,2.88,,,,,
2024-04-10T10:20:49+00:00,509,,1.36,,,,
2024-04-10T10:20:52+00:00,510,0.91,,,,,
2024-04-10T10:20:54+00:00,511,,1.65,,,,
2024-04-10T10:20:57+00:00,512,1.36,,,,,
2024-04-10T10:20:59+00:00,513,,1.91,,,,
2024-04-10T10:21:02+00:00,514,1.38,,,,,
2024-04-10T10:21:04+00:00,515,,1.04,,,,
2024-04-10T10:21:08+00:00,516,1.92,,,,,
2024-04-10T10:21:09+00:00,517,,1.77,,,,
2024-04-10T10:21:12+00:00,518,2.86,,,,,
2024-04-10T10:21:14+00:00,519,,1.25,,,,
2024-04-10T10:21:18+00:00,520,1.27,,,,,
2024-04-10T10:21:20+00:00,521,,1.67,,,,
2024-04-10T10:21:23+00:00,522,1.4,,,,,
2024-04-10T10:21:25+00:00,523,,1.72,,,,
2024-04-10T10:21:28+00:00,524,0.08,,,,,
2024-04-10T10:21:30+00:00,525,,1.5,,,,
2024-04-10T10:21:33+00:00,526,2.85,,,,,
2024-04-10T10:21:35+00:00,527,,1.82,,,,
2024-04-10T10:21:38+00:00,528,1.78,,,,,
2024-04-10T10:21:40+00:00,529,,1.22,,,,
2024-04-10T10:21:43+00:00,530,1.39,,,,,
2024-04-10T10:21:45+00:00,531,,1.69,,,,
2024-04-10T10:21:49+00:00,532,1.62,,,,,
2024-04-10T10:21:50+00:00,533,,1.67,,,,
2024-04-10T10:21:54+00:00,534,2.86,,,,,
2024-04-10T10:21:56+00:00,535,,1.49,,,,
2024-04-10T10:21:59+00:00,536,1.18,,,,,
2024-04-10T10:22:01+00:00,537,,1.89,,,,
2024-04-10T10:22:04+00:00,538,0.96,,,,,
2024-04-10T10:22:06+00:00,539,,1.09,,,,
2024-04-10T10:22:09+00:00,540,1.63,,,,,
2024-04-10T10:22:11+00:00,541,,1.68,,,,
2024-04-10T10:22:14+00:00,542,2.6,,,,,
2024-04-10T10:22:16+00:00,543,,1.37,,,,
2024-04-10T10:22:19+00:00,544,2.16,,,,,
2024-04-10T10:22:21+00:00,545,,1.63,,,,
2024-04-10T10:22:25+00:00,546,1.4,,,,,
2024-04-10T10:22:27+00:00,547,,1.93,,,,
2024-04-10T10:22:30+00:00,548,1.41,,,,,
2024-04-10T10:22:32+00:00,549,,1.07,,,,
2024-04-10T10:22:35+00:00,550,1.23,,,,,
2024-04-10T10:22:37+00:00,551,,1.77,,,,
2024-04-10T10:22:40+00:00,552,2.8,,,,,
2024-04-10T10:22:42+00:00,553,,1.29,,,,
2024-04-10T10:22:45+00:00,554,0.8,,,,,
2024-04-10T10:22:47+00:00,555,,1.64,,,,
2024-04-10T10:22:50+00:00,556,1.45,,,,,
2024-04-10T10:22:52+00:00,557,,1.69,,,,
2024-04-10T10:22:55+00:00,558,2.32,,,,,
2024-04-10T10:22:57+00:00,559,,1.38,,,,
2024-04-10T10:23:01+00:00,560,2.43,,,,,
2024-04-10T10:23:02+00:00,561,,1.83,,,,
2024-04-10T10:23:06+00:00,562,2.68,,,,,
2024-04-10T10:23:08+00:00,563,,1.22,,,,
2024-04-10T10:23:11+00:00,564,1.31,,,,,
2024-04-10T10:23:13+00:00,565,,1.62,,,,
2024-04-10T10:23:16+00:00,566,1.38,,,,,
2024-04-10T10:23:18+00:00,567,,1.68,,,,
2024-04-10T10:23:21+00:00,568,2.81,,,,,
2024-04-10T10:23:23+00:00,569,,1.47,,,,
2024-04-10T10:23:26+00:00,570,1.26,,,,,
2024-04-10T10:23:28+00:00,571,,1.85,,,,
2024-04-10T10:23:31+00:00,572,1.4,,,,,
2024-04-10T10:23:33+00:00,573,,1.08,,,,
2024-04-10T10:23:36+00:00,574,0.08,,,,,
2024-04-10T10:23:38+00:00,575,,1.67,,,,
2024-04-10T10:23:42+00:00,576,1.65,,,,,
2024-04-10T10:23:44+00:00,577,,1.42,,,,
2024-04-10T10:23:47+00:00,578,2.77,,,,,
2024-04-10T10:23:49+00:00,579,,1.62,,,,
2024-04-10T10:23:52+00:00,580,1.16,,,,,
2024-04-10T10:23:54+00:00,581,,1.89,,,,
2024-04-10T10:23:57+00:00,582,1.5,,,,,
2024-04-10T10:23:59+00:00,583,,1.08,,,,
2024-04-10T10:24:02+00:00,584,2.76,,,,,
2024-04-10T10:24:04+00:00,585,,1.78,,,,
2024-04-10T10:24:07+00:00,586,0.76,,,,,
2024-04-10T10:24:09+00:00,587,,1.31,,,,
2024-04-10T10:24:12+00:00,588,2.01,,,,,
2024-04-10T10:24:14+00:00,589,,1.61,,,,
2024-04-10T10:24:18+00:00,590,1.39,,,,,
2024-04-10T10:24:20+00:00,591,,1.8,,,,
2024-04-10T10:24:23+00:00,592,1.42,,,,,
2024-04-10T10:24:25+00:00,593,,1.4,,,,
2024-04-10T10:24:28+00:00,594,2.73,,,,,
2024-04-10T10:24:30+00:00,595,,1.78,,,,
2024-04-10T10:24:33+00:00,596,1.04,,,,,
2024-04-10T10:24:35+00:00,597,,1.24,,,,
2024-04-10T10:24:38+00:00,598,1.57,,,,,
2024-04-10T10:24:40+00:00,599,,1.61,,,,
2024-04-10T10:24:43+00:00,600,1.56,,,,,
2024-04-10T10:24:45+00:00,601,,1.68,,,,
2024-04-10T10:24:48+00:00,602,2.32,,,,,
2024-04-10T10:24:51+00:00,603,,1.43,,,,
2024-04-10T10:24:54+00:00,604,2.3,,,,,
2024-04-10T10:24:56+00:00,605,,1.84,,,,
2024-04-10T10:24:59+00:00,606,1.4,,,,,
2024-04-10T10:25:01+00:00,607,,1.11,,,,
2024-04-10T10:25:04+00:00,608,1.18,,,,,
2024-04-10T10:25:06+00:00,609,,1.68,,,,
2024-04-10T10:25:09+00:00,610,2.71,,,,,
2024-04-10T10:25:11+00:00,611,,1.42,,,,
2024-04-10T10:25:14+00:00,612,2.71,,,,,
2024-04-10T10:25:16+00:00,613,,1.6,,,,
2024-04-10T10:25:19+00:00,614,1.11,,,,,
2024-04-10T10:25:21+00:00,615,,1.86,,,,
2024-04-10T10:25:24+00:00,616,1.39,,,,,
2024-04-10T10:25:26+00:00,617,,1.07,,,,
2024-04-10T10:25:30+00:00,618,2.03,,,,,
2024-04-10T10:25:32+00:00,619,,1.76,,,,
2024-04-10T10:25:35+00:00,620,2.5,,,,,
2024-04-10T10:25:37+00:00,621,,1.27,,,,
2024-04-10T10:25:40+00:00,622,1.38,,,,,
2024-04-10T10:25:42+00:00,623,,1.64,,,,
2024-04-10T10:25:45+00:00,624,0.07,,,,,
2024-04-10T10:25:47+00:00,625,,1.75,,,,
2024-04-10T10:25:50+00:00,626,1.46,,,,,
2024-04-10T10:25:52+00:00,627,,1.36,,,,
2024-04-10T10:25:55+00:00,628,2.7,,,,,
2024-04-10T10:25:57+00:00,629,,1.76,,,,
2024-04-10T10:26:00+00:00,630,1.52,,,,,
2024-04-10T10:26:02+00:00,631,,1.25,,,,
2024-04-10T10:26:06+00:00,632,1.39,,,,,
2024-04-10T10:26:08+00:00,633,,1.63,,,,
2024-04-10T10:26:11+00:00,634,1.68,,,,,
2024-04-10T10:26:13+00:00,635,,1.77,,,,
2024-04-10T10:26:16+00:00,636,0.25,,,,,
2024-04-10T10:26:18+00:00,637,,1.37,,,,
2024-04-10T10:26:21+00:00,638,2.69,,,,,
2024-04-10T10:26:23+00:00,639,,1.85,,,,
2024-04-10T10:26:26+00:00,640,1.04,,,,,
2024-04-10T10:26:28+00:00,641,,1.12,,,,
2024-04-10T10:26:31+00:00,642,1.53,,,,,
2024-04-10T10:26:33+00:00,643,,1.63,,,,
2024-04-10T10:26:36+00:00,644,2.63,,,,,
2024-04-10T10:26:38+00:00,645,,1.41,,,,
2024-04-10T10:26:42+00:00,646,1.8,,,,,
2024-04-10T10:26:44+00:00,647,,1.61,,,,
2024-04-10T10:26:47+00:00,648,1.38,,,,,
2024-04-10T10:26:49+00:00,649,,1.88,,,,
2024-04-10T10:26:52+00:00,650,1.39,,,,,
2024-04-10T10:26:54+00:00,651,,1.08,,,,
2024-04-10T10:26:57+00:00,652,1.21,,,,,
2024-04-10T10:26:59+00:00,653,,1.75,,,,
2024-04-10T10:27:02+00:00,654,2.71,,,,,
2024-04-10T10:27:04+00:00,655,,1.32,,,,
2024-04-10T10:27:07+00:00,656,0.89,,,,,
2024-04-10T10:27:09+00:00,657,,1.6,,,,
2024-04-10T10:27:12+00:00,658,1.64,,,,,
2024-04-10T10:27:14+00:00,659,,1.76,,,,
2024-04-10T10:27:18+00:00,660,2.37,,,,,
2024-04-10T10:27:20+00:00,661,,0.06,,,,
2024-04-10T10:27:23+00:00,662,2.13,,,,,
2024-04-10T10:27:25+00:00,663,,0.08,,,,
2024-04-10T10:27:28+00:00,664,2.4,,,,,
2024-04-10T10:27:30+00:00,665,,0.06,,,,
2024-04-10T10:27:33+00:00,666,1.39,,,,,
2024-04-10T10:27:35+00:00,667,,0.05,,,,
2024-04-10T10:27:38+00:00,668,1.23,,,,,
2024-04-10T10:27:40+00:00,669,,0.07,,,,
2024-04-10T10:27:43+00:00,670,2.67,,,,,
2024-04-10T10:27:45+00:00,671,,0.07,,,,
2024-04-10T10:27:48+00:00,672,0.77,,,,,
2024-04-10T10:27:50+00:00,673,,0.04,,,,
2024-04-10T10:27:53+00:00,674,1.16,,,,,
2024-04-10T10:27:55+00:00,675,,0.06,,,,
2024-04-10T10:27:59+00:00,676,1.4,,,,,
2024-04-10T10:28:01+00:00,677,,0.08,,,,
2024-04-10T10:28:06+00:00,678,1.85,,,,,
2024-04-10T10:28:09+00:00,679,2.49,,,,,
2024-04-10T10:28:11+00:00,680,,0.06,,,,
2024-04-10T10:28:14+00:00,681,1.35,,,,,
2024-04-10T10:28:16+00:00,682,,0.06,,,,
2024-04-10T10:28:19+00:00,683,1.29,,,,,
2024-04-10T10:28:21+00:00,684,,0.06,,,,
2024-04-10T10:28:24+00:00,685,0.06,,,,,
2024-04-10T10:28:26+00:00,686,,0.05,,,,
2024-04-10T10:28:30+00:00,687,2.69,,,,,
2024-04-10T10:28:31+00:00,688,,0.07,,,,
2024-04-10T10:28:35+00:00,689,1.46,,,,,
2024-04-10T10:28:37+00:00,690,,0.07,,,,
2024-04-10T10:28:40+00:00,691,1.42,,,,,
2024-04-10T10:28:42+00:00,692,,0.07,,,,
2024-04-10T10:28:45+00:00,693,1.69,,,,,
2024-04-10T10:28:47+00:00,694,,0.07,,,,
2024-04-10T10:28:50+00:00,695,2.61,,,,,
2024-04-10T10:28:52+00:00,696,,0.06,,,,
2024-04-10T10:28:55+00:00,697,1.28,,,,,
2024-04-10T10:28:57+00:00,698,,0.06,,,,
2024-04-10T10:29:00+00:00,699,1.37,,,,,
2024-04-10T10:29:02+00:00,700,,0.09,,,,
2024-04-10T10:29:05+00:00,701,2.61,,,,,
2024-04-10T10:29:07+00:00,702,,0.08,,,,
2024-04-10T10:29:11+00:00,703,1.34,,,,,
2024-04-10T10:29:13+00:00,704,,0.05,,,,
2024-04-10T10:29:16+00:00,705,1.38,,,,,
2024-04-10T10:29:18+00:00,706,,0.07,,,,
2024-04-10T10:29:21+00:00,707,1.89,,,,,
2024-04-10T10:29:23+00:00,708,,0.06,,,,
2024-04-10T10:29:26+00:00,709,2.51,,,,,
2024-04-10T10:29:28+00:00,710,,0.06,,,,
2024-04-10T10:29:31+00:00,711,1.33,,,,,
2024-04-10T10:29:33+00:00,712,,0.06,,,,
2024-04-10T10:29:36+00:00,713,1.31,,,,,
2024-04-10T10:29:38+00:00,714,,0.61,,,,
2024-04-10T10:29:41+00:00,715,2.65,,,,,
2024-04-10T10:29:43+00:00,716,,0.08,,,,
2024-04-10T10:29:47+00:00,717,1.08,,,,,
2024-04-10T10:29:48+00:00,718,,2.87,,,,
2024-04-10T10:29:52+00:00,719,1.4,,,,,
2024-04-10T10:29:54+00:00,720,,0.08,,,,
2024-04-10T10:29:57+00:00,721,1.97,,,,,
2024-04-10T10:29:59+00:00,722,,2.32,,,,
2024-04-10T10:30:02+00:00,723,2.37,,,,,
2024-04-10T10:30:04+00:00,724,,1.46,,,,
2024-04-10T10:30:07+00:00,725,1.3,,,,,
2024-04-10T10:30:09+00:00,726,,1.45,,,,
2024-04-10T10:30:12+00:00,727,1.26,,,,,
2024-04-10T10:30:14+00:00,728,,1.45,,,,
2024-04-10T10:30:17+00:00,729,2.56,,,,,
2024-04-10T10:30:19+00:00,730,,1.44,,,,
2024-04-10T10:30:23+00:00,731,1.05,,,,,
2024-04-10T10:30:24+00:00,732,,1.45,,,,
2024-04-10T10:30:28+00:00,733,1.36,,,,,
2024-04-10T10:30:30+00:00,734,,1.46,,,,
2024-04-10T10:30:33+00:00,735,1.9,,,,,
2024-04-10T10:30:35+00:00,736,,1.45,,,,
2024-04-10T10:30:38+00:00,737,2.37,,,,,
2024-04-10T10:30:40+00:00,738,,1.42,,,,
2024-04-10T10:30:43+00:00,739,1.31,,,,,
2024-04-10T10:30:45+00:00,740,,1.45,,,,
2024-04-10T10:30:48+00:00,741,1.25,,,,,
2024-04-10T10:30:50+00:00,742,,1.45,,,,
2024-04-10T10:30:53+00:00,743,2.54,,,,,
2024-04-10T10:30:55+00:00,744,,1.44,,,,
2024-04-10T10:30:58+00:00,745,1.06,,,,,
2024-04-10T10:31:01+00:00,746,,0.07,,,,
2024-04-10T10:31:04+00:00,747,1.4,,,,,
2024-04-10T10:31:06+00:00,748,,0.09,,,,
2024-04-10T10:31:09+00:00,749,1.98,,,,,
2024-04-10T10:31:11+00:00,750,,0.07,,,,
2024-04-10T10:31:14+00:00,751,2.37,,,,,
2024-04-10T10:31:16+00:00,752,,0.06,,,,
2024-04-10T10:31:19+00:00,753,1.39,,,,,
2024-04-10T10:31:21+00:00,754,,0.07,,,,
2024-04-10T10:31:24+00:00,755,1.21,,,,,
2024-04-10T10:31:26+00:00,756,,0.07,,,,
2024-04-10T10:31:29+00:00,757,2.59,,,,,
2024-04-10T10:31:31+00:00,758,,0.06,,,,
2024-04-10T10:31:34+00:00,759,0.92,,,,,
2024-04-10T10:31:36+00:00,760,,0.07,,,,
2024-04-10T10:31:40+00:00,761,1.43,,,,,
2024-04-10T10:31:42+00:00,762,,0.07,,,,
2024-04-10T10:31:45+00:00,763,2.09,,,,,
2024-04-10T10:31:47+00:00,764,,0.07,,,,
2024-04-10T10:31:50+00:00,765,2.24,,,,,
2024-04-10T10:31:52+00:00,766,,0.08,,,,
2024-04-10T10:31:55+00:00,767,1.42,,,,,
2024-04-10T10:31:57+00:00,768,,0.08,,,,
2024-04-10T10:32:00+00:00,769,1.19,,,,,
2024-04-10T10:32:02+00:00,770,,0.1,,,,
2024-04-10T10:32:05+00:00,771,2.58,,,,,
2024-04-10T10:32:07+00:00,772,,0.1,,,,
2024-04-10T10:32:10+00:00,773,0.84,,,,,
2024-04-10T10:32:12+00:00,774,,0.07,,,,
2024-04-10T10:32:16+00:00,775,1.48,,,,,
2024-04-10T10:32:18+00:00,776,,0.1,,,,
2024-04-10T10:32:21+00:00,777,2.15,,,,,
2024-04-10T10:32:23+00:00,778,,0.08,,,,
2024-04-10T10:32:26+00:00,779,2.13,,,,,
2024-04-10T10:32:28+00:00,780,,0.09,,,,
2024-04-10T10:32:31+00:00,781,1.41,,,,,
2024-04-10T10:32:33+00:00,782,,0.07,,,,
2024-04-10T10:32:36+00:00,783,1.15,,,,,
2024-04-10T10:32:38+00:00,784,,0.08,,,,
2024-04-10T10:32:41+00:00,785,2.56,,,,,
2024-04-10T10:32:43+00:00,786,,0.08,,,,
2024-04-10T10:32:46+00:00,787,0.86,,,,,
2024-04-10T10:32:48+00:00,788,,0.09,,,,
2024-04-10T10:32:52+00:00,789,1.61,,,,,
2024-04-10T10:32:54+00:00,790,,0.07,,,,
2024-04-10T10:32:57+00:00,791,2.27,,,,,
2024-04-10T10:32:59+00:00,792,,0.08,,,,
2024-04-10T10:33:02+00:00,793,2.07,,,,,
2024-04-10T10:33:04+00:00,794,,0.09,,,,
2024-04-10T10:33:07+00:00,795,1.42,,,,,
2024-04-10T10:33:09+00:00,796,,0.1,,,,
2024-04-10T10:33:12+00:00,797,1.26,,,,,
2024-04-10T10:33:14+00:00,798,,0.09,,,,
2024-04-10T10:33:17+00:00,799,2.56,,,,,
2024-04-10T10:33:19+00:00,800,,0.07,,,,
2024-04-10T10:33:23+00:00,801,0.92,,,,,
2024-04-10T10:33:24+00:00,802,,0.08,,,,
2024-04-10T10:33:28+00:00,803,1.6,,,,,
2024-04-10T10:33:30+00:00,804,,0.08,,,,
2024-04-10T10:33:33+00:00,805,2.31,,,,,
2024-04-10T10:33:35+00:00,806,,0.08,,,,
2024-04-10T10:33:38+00:00,807,2,,,,,
2024-04-10T10:33:40+00:00,808,,0.08,,,,
2024-04-10T10:33:43+00:00,809,1.41,,,,,
2024-04-10T10:33:45+00:00,810,,0.07,,,,
2024-04-10T10:33:48+00:00,811,1.31,,,,,
2024-04-10T10:33:50+00:00,812,,0.07,,,,
2024-04-10T10:33:53+00:00,813,2.55,,,,,
2024-04-10T10:33:55+00:00,814,,0.09,,,,
2024-04-10T10:33:58+00:00,815,1,,,,,
2024-04-10T10:34:00+00:00,816,,0.08,,,,
2024-04-10T10:34:04+00:00,817,1.58,,,,,
2024-04-10T10:34:05+00:00,818,,0.07,,,,
2024-04-10T10:34:09+00:00,819,2.36,,,,,
2024-04-10T10:34:11+00:00,820,,0.07,,,,
2024-04-10T10:34:14+00:00,821,1.88,,,,,
2024-04-10T10:34:16+00:00,822,,0.09,,,,
2024-04-10T10:34:19+00:00,823,1.42,,,,,
2024-04-10T10:34:21+00:00,824,,0.09,,,,
2024-04-10T10:34:24+00:00,825,1.42,,,,,
2024-04-10T10:34:26+00:00,826,,0.09,,,,
2024-04-10T10:34:29+00:00,827,2.56,,,,,
2024-04-10T10:34:31+00:00,828,,0.09,,,,
2024-04-10T10:34:34+00:00,829,1.05,,,,,
2024-04-10T10:34:36+00:00,830,,0.08,,,,
2024-04-10T10:34:39+00:00,831,1.53,,,,,
2024-04-10T10:34:42+00:00,832,,0.07,,,,
2024-04-10T10:34:45+00:00,833,2.43,,,,,
2024-04-10T10:34:47+00:00,834,,0.11,,,,
2024-04-10T10:34:50+00:00,835,1.78,,,,,
2024-04-10T10:34:52+00:00,836,,0.07,,,,
2024-04-10T10:34:55+00:00,837,1.43,,,,,
2024-04-10T10:34:57+00:00,838,,0.07,,,,
2024-04-10T10:35:00+00:00,839,1.35,,,,,
2024-04-10T10:35:02+00:00,840,,0.07,,,,
2024-04-10T10:35:05+00:00,841,2.55,,,,,
2024-04-10T10:35:07+00:00,842,,0.07,,,,
2024-04-10T10:35:10+00:00,843,1.09,,,,,
2024-04-10T10:35:12+00:00,844,,0.08,,,,
2024-04-10T10:35:15+00:00,845,1.48,,,,,
2024-04-10T10:35:17+00:00,846,,0.09,,,,
2024-04-10T10:35:21+00:00,847,2.47,,,,,
2024-04-10T10:35:23+00:00,848,,0.08,,,,
2024-04-10T10:35:26+00:00,849,1.67,,,,,
2024-04-10T10:35:28+00:00,850,,0.08,,,,
2024-04-10T10:35:31+00:00,851,1.42,,,,,
2024-04-10T10:35:33+00:00,852,,0.08,,,,
2024-04-10T10:35:36+00:00,853,1.43,,,,,
2024-04-10T10:35:38+00:00,854,,0.08,,,,
2024-04-10T10:35:41+00:00,855,2.53,,,,,
2024-04-10T10:35:43+00:00,856,,0.07,,,,
2024-04-10T10:35:46+00:00,857,1.15,,,,,
2024-04-10T10:35:48+00:00,858,,0.08,,,,
2024-04-10T10:35:51+00:00,859,1.46,,,,,
2024-04-10T10:35:53+00:00,860,,0.08,,,,
2024-04-10T10:35:57+00:00,861,2.52,,,,,
2024-04-10T10:35:59+00:00,862,,0.07,,,,
2024-04-10T10:36:02+00:00,863,1.56,,,,,
2024-04-10T10:36:04+00:00,864,,0.07,,,,
2024-04-10T10:36:07+00:00,865,1.42,,,,,
2024-04-10T10:36:09+00:00,866,,0.07,,,,
2024-04-10T10:36:12+00:00,867,1.41,,,,,
2024-04-10T10:36:14+00:00,868,,0.08,,,,
2024-04-10T10:36:17+00:00,869,2.52,,,,,
2024-04-10T10:36:19+00:00,870,,0.09,,,,
2024-04-10T10:36:22+00:00,871,1.24,,,,,
2024-04-10T10:36:24+00:00,872,,0.08,,,,
2024-04-10T10:36:27+00:00,873,1.42,,,,,
2024-04-10T10:36:29+00:00,874,,0.09,,,,
2024-04-10T10:36:33+00:00,875,2.52,,,,,
2024-04-10T10:36:34+00:00,876,,0.08,,,,
2024-04-10T10:36:38+00:00,877,1.46,,,,,
2024-04-10T10:36:40+00:00,878,,0.07,,,,
2024-04-10T10:36:43+00:00,879,1.43,,,,,
2024-04-10T10:36:45+00:00,880,,0.07,,,,
2024-04-10T10:36:48+00:00,881,1.59,,,,,
2024-04-10T10:36:50+00:00,882,,0.09,,,,
2024-04-10T10:36:53+00:00,883,2.53,,,,,
2024-04-10T10:36:55+00:00,884,,0.08,,,,
2024-04-10T10:36:58+00:00,885,1.26,,,,,
2024-04-10T10:37:00+00:00,886,,0.08,,,,
2024-04-10T10:37:04+00:00,887,1.39,,,,,
2024-04-10T10:37:05+00:00,888,,0.1,,,,
2024-04-10T10:37:08+00:00,889,2.53,,,,,
2024-04-10T10:37:10+00:00,890,,0.09,,,,
2024-04-10T10:37:14+00:00,891,1.35,,,,,
2024-04-10T10:37:16+00:00,892,,0.07,,,,
2024-04-10T10:37:19+00:00,893,1.42,,,,,
2024-04-10T10:37:21+00:00,894,,0.07,,,,
2024-04-10T10:37:24+00:00,895,1.67,,,,,
2024-04-10T10:37:26+00:00,896,,0.08,,,,
2024-04-10T10:37:29+00:00,897,2.48,,,,,
2024-04-10T10:37:31+00:00,898,,0.09,,,,
2024-04-10T10:37:34+00:00,899,1.31,,,,,
2024-04-10T10:37:36+00:00,900,,0.07,,,,
2024-04-10T10:37:39+00:00,901,1.35,,,,,
2024-04-10T10:37:41+00:00,902,,0.09,,,,
2024-04-10T10:37:44+00:00,903,2.54,,,,,
2024-04-10T10:37:46+00:00,904,,0.07,,,,
2024-04-10T10:37:50+00:00,905,1.25,,,,,
2024-04-10T10:37:52+00:00,906,,0.07,,,,
2024-04-10T10:37:55+00:00,907,1.46,,,,,
2024-04-10T10:37:57+00:00,908,,0.08,,,,
2024-04-10T10:38:00+00:00,909,1.76,,,,,
2024-04-10T10:38:02+00:00,910,,0.08,,,,
2024-04-10T10:38:05+00:00,911,2.43,,,,,
2024-04-10T10:38:07+00:00,912,,0.07,,,,
2024-04-10T10:38:10+00:00,913,1.38,,,,,
2024-04-10T10:38:12+00:00,914,,0.07,,,,
2024-04-10T10:38:15+00:00,915,1.34,,,,,
2024-04-10T10:38:17+00:00,916,,0.08,,,,
2024-04-10T10:38:20+00:00,917,1.15,,,,,
2024-04-10T10:38:22+00:00,918,,0.06,,,,
2024-04-10T10:38:26+00:00,919,0.06,,,,,
2024-04-10T10:38:28+00:00,920,,0.07,,,,
2024-04-10T10:38:31+00:00,921,0.04,,,,,
2024-04-10T10:38:33+00:00,922,,0.08,,,,
2024-04-10T10:38:36+00:00,923,0.05,,,,,
2024-04-10T10:38:38+00:00,924,,0.08,,,,
2024-04-10T10:38:41+00:00,925,0.07,,,,,
2024-04-10T10:38:43+00:00,926,,0.08,,,,
2024-04-10T10:38:46+00:00,927,0.07,,,,,
2024-04-10T10:38:48+00:00,928,,0.07,,,,
2024-04-10T10:38:51+00:00,929,0.04,,,,,
2024-04-10T10:38:53+00:00,930,,0.06,,,,
2024-04-10T10:38:56+00:00,931,0.07,,,,,
2024-04-10T10:38:58+00:00,932,,0.09,,,,
2024-04-10T10:39:02+00:00,933,0.05,,,,,
2024-04-10T10:39:04+00:00,934,,0.11,,,,
2024-04-10T10:39:07+00:00,935,0.07,,,,,
2024-04-10T10:39:09+00:00,936,,0.07,,,,
2024-04-10T10:39:12+00:00,937,0.05,,,,,
2024-04-10T10:39:14+00:00,938,,0.06,,,,
2024-04-10T10:39:17+00:00,939,0.05,,,,,
2024-04-10T10:39:19+00:00,940,,0.09,,,,
2024-04-10T10:39:22+00:00,941,0.07,,,,,
2024-04-10T10:39:24+00:00,942,,0.09,,,,
2024-04-10T10:39:27+00:00,943,0.06,,,,,
2024-04-10T10:39:29+00:00,944,,0.07,,,,
2024-04-10T10:39:32+00:00,945,0.05,,,,,
2024-04-10T10:39:34+00:00,946,,0.08,,,,
2024-04-10T10:39:37+00:00,947,0.08,,,,,
2024-04-10T10:39:39+00:00,948,,0.06,,,,
2024-04-10T10:39:43+00:00,949,0.08,,,,,
2024-04-10T10:39:45+00:00,950,,0.09,,,,
2024-04-10T10:39:48+00:00,951,0.07,,,,,
2024-04-10T10:39:50+00:00,952,,0.08,,,,
2024-04-10T10:39:53+00:00,953,0.06,,,,,
2024-04-10T10:39:55+00:00,954,,0.07,,,,
2024-04-10T10:39:58+00:00,955,0.07,,,,,
2024-04-10T10:40:00+00:00,956,,0.08,,,,
2024-04-10T10:40:03+00:00,957,0.08,,,,,
2024-04-10T10:40:05+00:00,958,,0.1,,,,
2024-04-10T10:40:08+00:00,959,0.07,,,,,
2024-04-10T10:40:10+00:00,960,,0.08,,,,
2024-04-10T10:40:13+00:00,961,0.08,,,,,
2024-04-10T10:40:15+00:00,962,,0.08,,,,
2024-04-10T10:40:18+00:00,963,0.06,,,,,
2024-04-10T10:40:21+00:00,964,,0.07,,,,
2024-04-10T10:40:24+00:00,965,0.07,,,,,
2024-04-10T10:40:26+00:00,966,,0.06,,,,
2024-04-10T10:40:29+00:00,967,0.07,,,,,
2024-04-10T10:40:31+00:00,968,,0.06,,,,
2024-04-10T10:40:34+00:00,969,0.06,,,,,
2024-04-10T10:40:36+00:00,970,,0.07,,,,
2024-04-10T10:40:39+00:00,971,0.06,,,,,
2024-04-10T10:40:41+00:00,972,,0.08,,,,
2024-04-10T10:40:44+00:00,973,0.08,,,,,
2024-04-10T10:40:46+00:00,974,,0.1,,,,
2024-04-10T10:40:49+00:00,975,0.08,,,,,
2024-04-10T10:40:51+00:00,976,,0.07,,,,
2024-04-10T10:40:54+00:00,977,0.08,,,,,
2024-04-10T10:40:56+00:00,978,,0.08,,,,
2024-04-10T10:41:00+00:00,979,0.08,,,,,
2024-04-10T10:41:02+00:00,980,,0.08,,,,
2024-04-10T10:41:05+00:00,981,0.09,,,,,
2024-04-10T10:41:07+00:00,982,,0.07,,,,
2024-04-10T10:41:10+00:00,983,0.08,,,,,
2024-04-10T10:41:12+00:00,984,,0.07,,,,
2024-04-10T10:41:15+00:00,985,0.08,,,,,
2024-04-10T10:41:17+00:00,986,,0.07,,,,
2024-04-10T10:41:20+00:00,987,0.08,,,,,
2024-04-10T10:41:22+00:00,988,,0.08,,,,
2024-04-10T10:41:25+00:00,989,0.07,,,,,
2024-04-10T10:41:27+00:00,990,,0.08,,,,
2024-04-10T10:41:30+00:00,991,0.07,,,,,
2024-04-10T10:41:32+00:00,992,,0.07,,,,
2024-04-10T10:41:36+00:00,993,0.07,,,,,
2024-04-10T10:41:38+00:00,994,,0.07,,,,
2024-04-10T10:41:41+00:00,995,0.07,,,,,
2024-04-10T10:41:43+00:00,996,,0.06,,,,
2024-04-10T10:41:46+00:00,997,0.07,,,,,
2024-04-10T10:41:48+00:00,998,,0.09,,,,
2024-04-10T10:41:51+00:00,999,0.07,,,,,
2024-04-10T10:41:53+00:00,1000,,0.07,,,,
2024-04-10T10:41:56+00:00,1001,0.06,,,,,
2024-04-10T10:41:58+00:00,1002,,0.09,,,,
2024-04-10T10:42:01+00:00,1003,0.06,,,,,
2024-04-10T10:42:03+00:00,1004,,0.07,,,,
2024-04-10T10:42:06+00:00,1005,0.05,,,,,
2024-04-10T10:42:08+00:00,1006,,0.07,,,,
2024-04-10T10:42:11+00:00,1007,0.07,,,,,
2024-04-10T10:42:13+00:00,1008,,0.07,,,,
2024-04-10T10:42:17+00:00,1009,0.07,,,,,
2024-04-10T10:42:19+00:00,1010,,0.07,,,,
2024-04-10T10:42:22+00:00,1011,0.07,,,,,
2024-04-10T10:42:24+00:00,1012,,0.08,,,,
2024-04-10T10:42:27+00:00,1013,0.07,,,,,
2024-04-10T10:42:29+00:00,1014,,0.08,,,,
2024-04-10T10:42:32+00:00,1015,0.07,,,,,
2024-04-10T10:42:34+00:00,1016,,0.07,,,,
2024-04-10T10:42:37+00:00,1017,0.07,,,,,
2024-04-10T10:42:39+00:00,1018,,0.08,,,,
2024-04-10T10:42:42+00:00,1019,0.07,,,,,
2024-04-10T10:42:44+00:00,1020,,0.1,,,,
2024-04-10T10:42:47+00:00,1021,0.09,,,,,
2024-04-10T10:42:49+00:00,1022,,0.07,,,,
2024-04-10T10:42:53+00:00,1023,0.07,,,,,
2024-04-10T10:42:55+00:00,1024,,0.08,,,,
2024-04-10T10:42:58+00:00,1025,0.09,,,,,
2024-04-10T10:43:00+00:00,1026,,0.06,,,,
2024-04-10T10:43:03+00:00,1027,0.08,,,,,
2024-04-10T10:43:05+00:00,1028,,0.09,,,,
2024-04-10T10:43:08+00:00,1029,0.05,,,,,
2024-04-10T10:43:10+00:00,1030,,0.08,,,,
2024-04-10T10:43:13+00:00,1031,0.06,,,,,
2024-04-10T10:43:15+00:00,1032,,0.08,,,,
2024-04-10T10:43:18+00:00,1033,0.06,,,,,
2024-04-10T10:43:20+00:00,1034,,0.09,,,,
2024-04-10T10:43:23+00:00,1035,0.07,,,,,
2024-04-10T10:43:25+00:00,1036,,0.09,,,,
2024-04-10T10:43:28+00:00,1037,0.07,,,,,
2024-04-10T10:43:30+00:00,1038,,0.07,,,,
2024-04-10T10:43:34+00:00,1039,0.06,,,,,
2024-04-10T10:43:36+00:00,1040,,0.09,,,,
2024-04-10T10:43:39+00:00,1041,0.07,,,,,
2024-04-10T10:43:41+00:00,1042,,0.07,,,,
2024-04-10T10:43:44+00:00,1043,0.06,,,,,
2024-04-10T10:43:46+00:00,1044,,0.08,,,,
2024-04-10T10:43:49+00:00,1045,0.08,,,,,
2024-04-10T10:43:51+00:00,1046,,0.1,,,,
2024-04-10T10:43:54+00:00,1047,0.07,,,,,
2024-04-10T10:43:56+00:00,1048,,0.07,,,,
2024-04-10T10:43:59+00:00,1049,0.06,,,,,
2024-04-10T10:44:01+00:00,1050,,0.07,,,,
2024-04-10T10:44:04+00:00,1051,0.06,,,,,
2024-04-10T10:44:06+00:00,1052,,0.08,,,,
2024-04-10T10:44:10+00:00,1053,0.07,,,,,
2024-04-10T10:44:12+00:00,1054,,0.08,,,,
2024-04-10T10:44:15+00:00,1055,0.06,,,,,
2024-04-10T10:44:17+00:00,1056,,0.08,,,,
2024-04-10T10:44:20+00:00,1057,0.07,,,,,
2024-04-10T10:44:22+00:00,1058,,0.07,,,,
2024-04-10T10:44:25+00:00,1059,0.08,,,,,
2024-04-10T10:44:27+00:00,1060,,0.09,,,,
2024-04-10T10:44:30+00:00,1061,0.05,,,,,
2024-04-10T10:44:32+00:00,1062,,0.06,,,,
2024-04-10T10:44:35+00:00,1063,0.05,,,,,
2024-04-10T10:44:37+00:00,1064,,0.08,,,,
2024-04-10T10:44:40+00:00,1065,0.07,,,,,
2024-04-10T10:44:42+00:00,1066,,0.07,,,,
2024-04-10T10:44:45+00:00,1067,0.06,,,,,
2024-04-10T10:44:47+00:00,1068,,0.07,,,,
2024-04-10T10:44:51+00:00,1069,0.05,,,,,
2024-04-10T10:44:53+00:00,1070,,0.06,,,,
2024-04-10T10:44:56+00:00,1071,0.07,,,,,
2024-04-10T10:44:58+00:00,1072,,0.07,,,,
2024-04-10T10:45:01+00:00,1073,0.06,,,,,
2024-04-10T10:45:03+00:00,1074,,0.08,,,,
2024-04-10T10:45:06+00:00,1075,0.07,,,,,
2024-04-10T10:45:08+00:00,1076,,0.08,,,,
2024-04-10T10:45:11+00:00,1077,0.07,,,,,
2024-04-10T10:45:13+00:00,1078,,0.07,,,,
2024-04-10T10:45:16+00:00,1079,0.08,,,,,
2024-04-10T10:45:18+00:00,1080,,0.07,,,,
2024-04-10T10:45:21+00:00,1081,0.06,,,,,
2024-04-10T10:45:24+00:00,1082,,0.06,,,,
2024-04-10T10:45:27+00:00,1083,0.06,,,,,
2024-04-10T10:45:29+00:00,1084,,0.1,,,,
2024-04-10T10:45:32+00:00,1085,0.06,,,,,
2024-04-10T10:45:34+00:00,1086,,0.07,,,,
2024-04-10T10:45:37+00:00,1087,0.05,,,,,
2024-04-10T10:45:39+00:00,1088,,1.14,,,,
2024-04-10T10:45:42+00:00,1089,0.06,,,,,
2024-04-10T10:45:44+00:00,1090,,1.46,,,,
2024-04-10T10:45:47+00:00,1091,0.05,,,,,
2024-04-10T10:45:49+00:00,1092,,1.23,,,,
2024-04-10T10:45:52+00:00,1093,0.06,,,,,
2024-04-10T10:45:54+00:00,1094,,1.47,,,,
2024-04-10T10:45:57+00:00,1095,0.06,,,,,
2024-04-10T10:45:59+00:00,1096,,1.13,,,,
2024-04-10T10:46:02+00:00,1097,0.08,,,,,
2024-04-10T10:46:04+00:00,1098,,1.86,,,,
2024-04-10T10:46:08+00:00,1099,0.07,,,,,
2024-04-10T10:46:10+00:00,1100,,1.44,,,,
2024-04-10T10:46:13+00:00,1101,0.04,,,,,
2024-04-10T10:46:15+00:00,1102,,1.57,,,,
2024-04-10T10:46:18+00:00,1103,0.07,,,,,
2024-04-10T10:46:20+00:00,1104,,0.06,,,,
2024-04-10T10:46:23+00:00,1105,0.06,,,,,
2024-04-10T10:46:25+00:00,1106,,0.07,,,,
2024-04-10T10:46:28+00:00,1107,0.06,,,,,
2024-04-10T10:46:30+00:00,1108,,1.77,,,,
2024-04-10T10:46:33+00:00,1109,0.07,,,,,
2024-04-10T10:46:35+00:00,1110,,1.45,,,,
2024-04-10T10:46:38+00:00,1111,0.05,,,,,
2024-04-10T10:46:40+00:00,1112,,0.07,,,,
2024-04-10T10:46:44+00:00,1113,0.07,,,,,
2024-04-10T10:46:45+00:00,1114,,0.07,,,,
2024-04-10T10:46:49+00:00,1115,0.05,,,,,
2024-04-10T10:46:51+00:00,1116,,0.06,,,,
2024-04-10T10:46:54+00:00,1117,0.06,,,,,
2024-04-10T10:46:56+00:00,1118,,0.08,,,,
2024-04-10T10:46:59+00:00,1119,0.05,,,,,
2024-04-10T10:47:01+00:00,1120,,0.06,,,,
2024-04-10T10:47:04+00:00,1121,0.07,,,,,
2024-04-10T10:47:06+00:00,1122,,0.06,,,,
2024-04-10T10:47:09+00:00,1123,0.07,,,,,
2024-04-10T10:47:11+00:00,1124,,0.07,,,,
2024-04-10T10:47:14+00:00,1125,0.05,,,,,
2024-04-10T10:47:16+00:00,1126,,0.09,,,,
2024-04-10T10:47:20+00:00,1127,0.07,,,,,
2024-04-10T10:47:21+00:00,1128,,0.07,,,,
2024-04-10T10:47:25+00:00,1129,0.05,,,,,
2024-04-10T10:47:27+00:00,1130,,1.12,,,,
2024-04-10T10:47:30+00:00,1131,0.08,,,,,
2024-04-10T10:47:32+00:00,1132,,0.85,,,,
2024-04-10T10:47:35+00:00,1133,0.06,,,,,
2024-04-10T10:47:37+00:00,1134,,0.39,,,,
2024-04-10T10:47:40+00:00,1135,0.07,,,,,
2024-04-10T10:47:42+00:00,1136,,1.04,,,,
2024-04-10T10:47:45+00:00,1137,0.07,,,,,
2024-04-10T10:47:47+00:00,1138,,1.41,,,,
2024-04-10T10:47:50+00:00,1139,0.05,,,,,
2024-04-10T10:47:52+00:00,1140,,1.59,,,,
2024-04-10T10:47:55+00:00,1141,0.06,,,,,
2024-04-10T10:47:57+00:00,1142,,1.69,,,,
2024-04-10T10:48:01+00:00,1143,0.05,,,,,
2024-04-10T10:48:03+00:00,1144,,1.51,,,,
2024-04-10T10:48:06+00:00,1145,0.07,,,,,
2024-04-10T10:48:08+00:00,1146,,0.95,,,,
2024-04-10T10:48:11+00:00,1147,0.06,,,,,
2024-04-10T10:48:13+00:00,1148,,0.64,,,,
2024-04-10T10:48:16+00:00,1149,0.05,,,,,
2024-04-10T10:48:18+00:00,1150,,0.07,,,,
2024-04-10T10:48:21+00:00,1151,0.06,,,,,
2024-04-10T10:48:23+00:00,1152,,0.06,,,,
2024-04-10T10:48:26+00:00,1153,0.06,,,,,
2024-04-10T10:48:28+00:00,1154,,0.06,,,,
2024-04-10T10:48:31+00:00,1155,0.07,,,,,
2024-04-10T10:48:33+00:00,1156,,0.06,,,,
2024-04-10T10:48:37+00:00,1157,0.08,,,,,
2024-04-10T10:48:39+00:00,1158,,0.05,,,,
2024-04-10T10:48:42+00:00,1159,0.07,,,,,
2024-04-10T10:48:44+00:00,1160,,0.07,,,,
2024-04-10T10:48:47+00:00,1161,0.05,,,,,
2024-04-10T10:48:49+00:00,1162,,0.07,,,,
2024-04-10T10:48:52+00:00,1163,0.06,,,,,
2024-04-10T10:48:54+00:00,1164,,0.05,,,,
2024-04-10T10:48:57+00:00,1165,0.05,,,,,
2024-04-10T10:48:59+00:00,1166,,0.07,,,,
2024-04-10T10:49:02+00:00,1167,0.08,,,,,
2024-04-10T10:49:04+00:00,1168,,0.05,,,,
2024-04-10T10:49:07+00:00,1169,0.08,,,,,
2024-04-10T10:49:09+00:00,1170,,0.07,,,,
2024-04-10T10:49:12+00:00,1171,0.11,,,,,
2024-04-10T10:49:14+00:00,1172,,0.05,,,,
2024-04-10T10:49:18+00:00,1173,0.08,,,,,
2024-04-10T10:49:20+00:00,1174,,0.05,,,,
2024-04-10T10:49:23+00:00,1175,0.11,,,,,
2024-04-10T10:49:25+00:00,1176,,0.07,,,,
2024-04-10T10:49:28+00:00,1177,0.09,,,,,
2024-04-10T10:49:30+00:00,1178,,0.05,,,,
2024-04-10T10:49:33+00:00,1179,0.08,,,,,
2024-04-10T10:49:35+00:00,1180,,0.06,,,,
2024-04-10T10:49:38+00:00,1181,0.09,,,,,
2024-04-10T10:49:40+00:00,1182,,0.06,,,,
2024-04-10T10:49:43+00:00,1183,0.09,,,,,
2024-04-10T10:49:45+00:00,1184,,0.06,,,,
2024-04-10T10:49:48+00:00,1185,0.08,,,,,
2024-04-10T10:49:50+00:00,1186,,0.07,,,,
2024-04-10T10:49:53+00:00,1187,0.08,,,,,
2024-04-10T10:49:55+00:00,1188,,0.05,,,,
2024-04-10T10:49:59+00:00,1189,0.09,,,,,
2024-04-10T10:50:01+00:00,1190,,0.05,,,,
2024-04-10T10:50:04+00:00,1191,0.09,,,,,
2024-04-10T10:50:06+00:00,1192,,0.08,,,,
2024-04-10T10:50:09+00:00,1193,0.09,,,,,
2024-04-10T10:50:11+00:00,1194,,0.07,,,,
2024-04-10T10:50:14+00:00,1195,0.09,,,,,
2024-04-10T10:50:16+00:00,1196,,0.06,,,,
2024-04-10T10:50:19+00:00,1197,0.08,,,,,
2024-04-10T10:50:21+00:00,1198,,0.07,,,,
2024-04-10T10:50:24+00:00,1199,0.09,,,,,
2024-04-10T10:50:26+00:00,1200,,0.05,,,,
2024-04-10T10:50:29+00:00,1201,0.08,,,,,
2024-04-10T10:50:31+00:00,1202,,0.05,,,,
2024-04-10T10:50:35+00:00,1203,0.1,,,,,
2024-04-10T10:50:37+00:00,1204,,0.06,,,,
2024-04-10T10:50:40+00:00,1205,0.08,,,,,
2024-04-10T10:50:42+00:00,1206,,0.07,,,,
2024-04-10T10:50:45+00:00,1207,0.1,,,,,
2024-04-10T10:50:47+00:00,1208,,3.12,,,,
2024-04-10T10:50:50+00:00,1209,0.09,,,,,
2024-04-10T10:50:52+00:00,1210,,1.42,,,,
2024-04-10T10:50:55+00:00,1211,0.09,,,,,
2024-04-10T10:50:57+00:00,1212,,2.34,,,,
2024-04-10T10:51:00+00:00,1213,0.09,,,,,
2024-04-10T10:51:02+00:00,1214,,0.05,,,,
2024-04-10T10:51:05+00:00,1215,0.1,,,,,
2024-04-10T10:51:07+00:00,1216,,1.6,,,,
2024-04-10T10:51:11+00:00,1217,0.1,,,,,
2024-04-10T10:51:13+00:00,1218,,1.52,,,,
2024-04-10T10:51:16+00:00,1219,0.1,,,,,
2024-04-10T10:51:18+00:00,1220,,1.53,,,,
2024-04-10T10:51:21+00:00,1221,0.09,,,,,
2024-04-10T10:51:23+00:00,1222,,1.52,,,,
2024-04-10T10:51:26+00:00,1223,0.1,,,,,
2024-04-10T10:51:28+00:00,1224,,1.51,,,,
2024-04-10T10:51:31+00:00,1225,0.1,,,,,
2024-04-10T10:51:33+00:00,1226,,1.51,,,,
2024-04-10T10:51:36+00:00,1227,0.1,,,,,
2024-04-10T10:51:38+00:00,1228,,1.51,,,,
2024-04-10T10:51:41+00:00,1229,0.1,,,,,
2024-04-10T10:51:44+00:00,1230,,1.5,,,,
2024-04-10T10:51:46+00:00,1231,0.07,,,,,
2024-04-10T10:51:48+00:00,1232,,1.51,,,,
2024-04-10T10:51:52+00:00,1233,0.1,,,,,
2024-04-10T10:51:54+00:00,1234,,1.5,,,,
2024-04-10T10:51:57+00:00,1235,0.08,,,,,
2024-04-10T10:51:59+00:00,1236,,1.51,,,,
2024-04-10T10:52:02+00:00,1237,0.08,,,,,
2024-04-10T10:52:04+00:00,1238,,1.47,,,,
2024-04-10T10:52:07+00:00,1239,0.09,,,,,
2024-04-10T10:52:09+00:00,1240,,0.05,,,,
2024-04-10T10:52:12+00:00,1241,0.09,,,,,
2024-04-10T10:52:14+00:00,1242,,0.05,,,,
2024-04-10T10:52:17+00:00,1243,0.1,,,,,
2024-04-10T10:52:19+00:00,1244,,0.06,,,,
2024-04-10T10:52:22+00:00,1245,0.09,,,,,
2024-04-10T10:52:24+00:00,1246,,0.07,,,,
2024-04-10T10:52:28+00:00,1247,0.09,,,,,
2024-04-10T10:52:30+00:00,1248,,0.05,,,,
2024-04-10T10:52:33+00:00,1249,0.08,,,,,
2024-04-10T10:52:35+00:00,1250,,0.07,,,,
2024-04-10T10:52:38+00:00,1251,0.07,,,,,
2024-04-10T10:52:40+00:00,1252,,0.06,,,,
2024-04-10T10:52:43+00:00,1253,0.08,,,,,
2024-04-10T10:52:45+00:00,1254,,0.07,,,,
2024-04-10T10:52:48+00:00,1255,0.08,,,,,
2024-04-10T10:52:50+00:00,1256,,0.06,,,,
2024-04-10T10:52:53+00:00,1257,0.09,,,,,
2024-04-10T10:52:55+00:00,1258,,0.07,,,,
2024-04-10T10:52:58+00:00,1259,0.08,,,,,
2024-04-10T10:53:00+00:00,1260,,0.08,,,,
2024-04-10T10:53:04+00:00,1261,0.08,,,,,
2024-04-10T10:53:05+00:00,1262,,0.07,,,,
2024-04-10T10:53:09+00:00,1263,0.09,,,,,
2024-04-10T10:53:11+00:00,1264,,0.07,,,,
2024-04-10T10:53:14+00:00,1265,0.08,,,,,
2024-04-10T10:53:16+00:00,1266,,0.08,,,,
2024-04-10T10:53:19+00:00,1267,0.1,,,,,
2024-04-10T10:53:21+00:00,1268,,0.07,,,,
2024-04-10T10:53:24+00:00,1269,0.08,,,,,
2024-04-10T10:53:26+00:00,1270,,0.08,,,,
2024-04-10T10:53:29+00:00,1271,0.08,,,,,
2024-04-10T10:53:31+00:00,1272,,0.09,,,,
2024-04-10T10:53:34+00:00,1273,0.11,,,,,
2024-04-10T10:53:36+00:00,1274,,0.07,,,,
2024-04-10T10:53:39+00:00,1275,0.09,,,,,
2024-04-10T10:53:41+00:00,1276,,0.07,,,,
2024-04-10T10:53:45+00:00,1277,0.09,,,,,
2024-04-10T10:53:47+00:00,1278,,0.08,,,,
2024-04-10T10:53:50+00:00,1279,0.1,,,,,
2024-04-10T10:53:52+00:00,1280,,0.07,,,,
2024-04-10T10:53:55+00:00,1281,0.1,,,,,
2024-04-10T10:53:57+00:00,1282,,0.07,,,,
2024-04-10T10:54:00+00:00,1283,0.09,,,,,
2024-04-10T10:54:02+00:00,1284,,0.06,,,,
2024-04-10T10:54:05+00:00,1285,0.08,,,,,
2024-04-10T10:54:07+00:00,1286,,0.09,,,,
2024-04-10T10:54:10+00:00,1287,0.09,,,,,
2024-04-10T10:54:12+00:00,1288,,0.08,,,,
2024-04-10T10:54:15+00:00,1289,0.08,,,,,
2024-04-10T10:54:17+00:00,1290,,0.08,,,,
2024-04-10T10:54:21+00:00,1291,0.11,,,,,
2024-04-10T10:54:23+00:00,1292,,0.07,,,,
2024-04-10T10:54:26+00:00,1293,0.1,,,,,
2024-04-10T10:54:28+00:00,1294,,0.08,,,,
2024-04-10T10:54:31+00:00,1295,0.08,,,,,
2024-04-10T10:54:33+00:00,1296,,0.07,,,,
2024-04-10T10:54:36+00:00,1297,0.09,,,,,
2024-04-10T10:54:38+00:00,1298,,0.06,,,,
2024-04-10T10:54:41+00:00,1299,0.09,,,,,
2024-04-10T10:54:43+00:00,1300,,0.08,,,,
2024-04-10T10:54:46+00:00,1301,0.1,,,,,
2024-04-10T10:54:48+00:00,1302,,0.09,,,,
2024-04-10T10:54:51+00:00,1303,0.1,,,,,
2024-04-10T10:54:53+00:00,1304,,0.07,,,,
2024-04-10T10:54:56+00:00,1305,0.09,,,,,
2024-04-10T10:54:58+00:00,1306,,0.09,,,,
2024-04-10T10:55:02+00:00,1307,0.09,,,,,
2024-04-10T10:55:04+00:00,1308,,0.08,,,,
2024-04-10T10:55:07+00:00,1309,0.09,,,,,
2024-04-10T10:55:09+00:00,1310,,0.08,,,,
2024-04-10T10:55:12+00:00,1311,0.1,,,,,
2024-04-10T10:55:14+00:00,1312,,0.09,,,,
2024-04-10T10:55:17+00:00,1313,0.09,,,,,
2024-04-10T10:55:19+00:00,1314,,0.08,,,,
2024-04-10T10:55:22+00:00,1315,0.09,,,,,
2024-04-10T10:55:24+00:00,1316,,0.09,,,,
2024-04-10T10:55:27+00:00,1317,0.1,,,,,
2024-04-10T10:55:29+00:00,1318,,0.08,,,,
2024-04-10T10:55:32+00:00,1319,0.09,,,,,
2024-04-10T10:55:34+00:00,1320,,0.07,,,,
2024-04-10T10:55:38+00:00,1321,0.09,,,,,
2024-04-10T10:55:40+00:00,1322,,0.07,,,,
2024-04-10T10:55:43+00:00,1323,0.08,,,,,
2024-04-10T10:55:45+00:00,1324,,0.06,,,,
2024-04-10T10:55:48+00:00,1325,0.1,,,,,
2024-04-10T10:55:50+00:00,1326,,0.09,,,,
2024-04-10T10:55:53+00:00,1327,0.09,,,,,
2024-04-10T10:55:55+00:00,1328,,0.07,,,,
2024-04-10T10:55:58+00:00,1329,0.1,,,,,
2024-04-10T10:56:00+00:00,1330,,0.08,,,,
2024-04-10T10:56:03+00:00,1331,0.09,,,,,
2024-04-10T10:56:05+00:00,1332,,0.06,,,,
2024-04-10T10:56:08+00:00,1333,0.08,,,,,
2024-04-10T10:56:10+00:00,1334,,0.07,,,,
2024-04-10T10:56:14+00:00,1335,0.08,,,,,
2024-04-10T10:56:15+00:00,1336,,0.08,,,,
2024-04-10T10:56:19+00:00,1337,0.09,,,,,
2024-04-10T10:56:21+00:00,1338,,0.09,,,,
2024-04-10T10:56:24+00:00,1339,0.08,,,,,
2024-04-10T10:56:26+00:00,1340,,0.08,,,,
2024-04-10T10:56:29+00:00,1341,0.08,,,,,
2024-04-10T10:56:31+00:00,1342,,0.08,,,,
2024-04-10T10:56:34+00:00,1343,0.08,,,,,
2024-04-10T10:56:36+00:00,1344,,0.08,,,,
2024-04-10T10:56:39+00:00,1345,0.1,,,,,
2024-04-10T10:56:41+00:00,1346,,0.08,,,,
2024-04-10T10:56:44+00:00,1347,0.11,,,,,
2024-04-10T10:56:47+00:00,1348,,0.07,,,,
2024-04-10T10:56:49+00:00,1349,0.09,,,,,
2024-04-10T10:56:51+00:00,1350,,0.08,,,,
2024-04-10T10:56:55+00:00,1351,0.09,,,,,
2024-04-10T10:56:57+00:00,1352,,0.07,,,,
2024-04-10T10:57:00+00:00,1353,0.1,,,,,
2024-04-10T10:57:02+00:00,1354,,0.09,,,,
2024-04-10T10:57:05+00:00,1355,0.07,,,,,
2024-04-10T10:57:07+00:00,1356,,0.09,,,,
2024-04-10T10:57:10+00:00,1357,0.1,,,,,
2024-04-10T10:57:12+00:00,1358,,0.08,,,,
2024-04-10T10:57:15+00:00,1359,0.08,,,,,
2024-04-10T10:57:17+00:00,1360,,0.11,,,,
2024-04-10T10:57:20+00:00,1361,0.09,,,,,
2024-04-10T10:57:22+00:00,1362,,0.09,,,,
2024-04-10T10:57:25+00:00,1363,0.1,,,,,
2024-04-10T10:57:28+00:00,1364,,0.09,,,,
2024-04-10T10:57:31+00:00,1365,0.08,,,,,
2024-04-10T10:57:33+00:00,1366,,0.07,,,,
2024-04-10T10:57:36+00:00,1367,0.09,,,,,
2024-04-10T10:57:38+00:00,1368,,0.08,,,,
2024-04-10T10:57:41+00:00,1369,0.09,,,,,
2024-04-10T10:57:43+00:00,1370,,0.08,,,,
2024-04-10T10:57:46+00:00,1371,0.09,,,,,
2024-04-10T10:57:48+00:00,1372,,0.09,,,,
2024-04-10T10:57:51+00:00,1373,0.09,,,,,
2024-04-10T10:57:53+00:00,1374,,0.07,,,,
2024-04-10T10:57:56+00:00,1375,0.11,,,,,
2024-04-10T10:57:58+00:00,1376,,0.07,,,,
2024-04-10T10:58:01+00:00,1377,0.08,,,,,
2024-04-10T10:58:03+00:00,1378,,0.07,,,,
2024-04-10T10:58:06+00:00,1379,0.09,,,,,
2024-04-10T10:58:08+00:00,1380,,0.09,,,,
2024-04-10T10:58:12+00:00,1381,0.08,,,,,
2024-04-10T10:58:14+00:00,1382,,0.06,,,,
2024-04-10T10:58:17+00:00,1383,0.09,,,,,
2024-04-10T10:58:19+00:00,1384,,0.08,,,,
2024-04-10T10:58:22+00:00,1385,0.09,,,,,
2024-04-10T10:58:24+00:00,1386,,0.08,,,,
2024-04-10T10:58:27+00:00,1387,0.09,,,,,
2024-04-10T10:58:29+00:00,1388,,0.09,,,,
2024-04-10T10:58:32+00:00,1389,0.08,,,,,
2024-04-10T10:58:34+00:00,1390,,0.07,,,,
2024-04-10T10:58:37+00:00,1391,0.09,,,,,
2024-04-10T10:58:39+00:00,1392,,0.08,,,,
2024-04-10T10:58:42+00:00,1393,0.09,,,,,
2024-04-10T10:58:44+00:00,1394,,0.08,,,,
2024-04-10T10:58:48+00:00,1395,0.09,,,,,
2024-04-10T10:58:50+00:00,1396,,0.08,,,,
2024-04-10T10:58:53+00:00,1397,0.09,,,,,
2024-04-10T10:58:55+00:00,1398,,0.09,,,,
2024-04-10T10:58:58+00:00,1399,0.07,,,,,
2024-04-10T10:59:00+00:00,1400,,0.07,,,,
2024-04-10T10:59:03+00:00,1401,0.1,,,,,
2024-04-10T10:59:05+00:00,1402,,0.09,,,,
2024-04-10T10:59:08+00:00,1403,0.09,,,,,
2024-04-10T10:59:10+00:00,1404,,0.06,,,,
2024-04-10T10:59:13+00:00,1405,0.09,,,,,
2024-04-10T10:59:15+00:00,1406,,0.08,,,,
2024-04-10T10:59:18+00:00,1407,0.09,,,,,
2024-04-10T10:59:20+00:00,1408,,0.07,,,,
2024-04-10T10:59:23+00:00,1409,0.09,,,,,
2024-04-10T10:59:25+00:00,1410,,0.08,,,,
2024-04-10T10:59:29+00:00,1411,0.08,,,,,
2024-04-10T10:59:31+00:00,1412,,0.07,,,,
2024-04-10T10:59:34+00:00,1413,0.1,,,,,
2024-04-10T10:59:36+00:00,1414,,0.08,,,,
2024-04-10T10:59:39+00:00,1415,0.08,,,,,
2024-04-10T10:59:41+00:00,1416,,0.07,,,,
2024-04-10T10:59:44+00:00,1417,0.1,,,,,
2024-04-10T10:59:46+00:00,1418,,0.07,,,,
2024-04-10T10:59:49+00:00,1419,0.08,,,,,
2024-04-10T10:59:51+00:00,1420,,0.11,,,,
2024-04-10T10:59:54+00:00,1421,0.09,,,,,
2024-04-10T10:59:56+00:00,1422,,0.06,,,,
2024-04-10T10:59:59+00:00,1423,0.08,,,,,
2024-04-10T11:00:01+00:00,1424,,0.08,,,,
2024-04-10T11:00:05+00:00,1425,0.07,,,,,
2024-04-10T11:00:07+00:00,1426,,0.07,,,,
2024-04-10T11:00:10+00:00,1427,0.09,,,,,
2024-04-10T11:00:12+00:00,1428,,0.08,,,,
2024-04-10T11:00:15+00:00,1429,0.08,,,,,
2024-04-10T11:00:17+00:00,1430,,0.08,,,,
2024-04-10T11:00:20+00:00,1431,0.08,,,,,
2024-04-10T11:00:22+00:00,1432,,0.08,,,,
2024-04-10T11:00:25+00:00,1433,0.1,,,,,
2024-04-10T11:00:27+00:00,1434,,0.07,,,,
2024-04-10T11:00:30+00:00,1435,0.08,,,,,
2024-04-10T11:00:32+00:00,1436,,0.07,,,,
2024-04-10T11:00:35+00:00,1437,0.11,,,,,
2024-04-10T11:00:37+00:00,1438,,0.09,,,,
2024-04-10T11:00:41+00:00,1439,0.09,,,,,
2024-04-10T11:00:43+00:00,1440,,0.07,,,,
2024-04-10T11:00:46+00:00,1441,0.11,,,,,
2024-04-10T11:00:48+00:00,1442,,0.09,,,,
2024-04-10T11:00:51+00:00,1443,0.09,,,,,
2024-04-10T11:00:53+00:00,1444,,0.09,,,,
2024-04-10T11:00:56+00:00,1445,0.09,,,,,
2024-04-10T11:00:58+00:00,1446,,0.1,,,,
2024-04-10T11:01:01+00:00,1447,0.09,,,,,
2024-04-10T11:01:03+00:00,1448,,0.08,,,,
2024-04-10T11:01:06+00:00,1449,0.1,,,,,
2024-04-10T11:01:08+00:00,1450,,0.08,,,,
2024-04-10T11:01:11+00:00,1451,0.09,,,,,
2024-04-10T11:01:13+00:00,1452,,0.08,,,,
2024-04-10T11:01:17+00:00,1453,0.09,,,,,
2024-04-10T11:01:18+00:00,1454,,0.07,,,,
2024-04-10T11:01:22+00:00,1455,1.71,,,,,
2024-04-10T11:01:24+00:00,1456,,0.09,,,,
2024-04-10T11:01:27+00:00,1457,0.47,,,,,
2024-04-10T11:01:29+00:00,1458,,0.09,,,,
2024-04-10T11:01:32+00:00,1459,2.83,,,,,
2024-04-10T11:01:34+00:00,1460,,0.07,,,,
2024-04-10T11:01:37+00:00,1461,1.64,,,,,
2024-04-10T11:01:39+00:00,1462,,0.08,,,,
2024-04-10T11:01:42+00:00,1463,1.46,,,,,
2024-04-10T11:01:44+00:00,1464,,0.07,,,,
2024-04-10T11:01:47+00:00,1465,1.76,,,,,
2024-04-10T11:01:49+00:00,1466,,0.08,,,,
2024-04-10T11:01:52+00:00,1467,2.86,,,,,
2024-04-10T11:01:54+00:00,1468,,0.07,,,,
2024-04-10T11:01:58+00:00,1469,1.27,,,,,
2024-04-10T11:02:00+00:00,1470,,0.07,,,,
2024-04-10T11:02:03+00:00,1471,0.07,,,,,
2024-04-10T11:02:05+00:00,1472,,0.08,,,,
2024-04-10T11:02:08+00:00,1473,0.09,,,,,
2024-04-10T11:02:10+00:00,1474,,0.09,,,,
2024-04-10T11:02:13+00:00,1475,1.44,,,,,
2024-04-10T11:02:15+00:00,1476,,0.07,,,,
2024-04-10T11:02:18+00:00,1477,1.26,,,,,
2024-04-10T11:02:20+00:00,1478,,0.06,,,,
2024-04-10T11:02:23+00:00,1479,0.06,,,,,
2024-04-10T11:02:25+00:00,1480,,0.08,,,,
2024-04-10T11:02:28+00:00,1481,1.5,,,,,
2024-04-10T11:02:30+00:00,1482,,0.08,,,,
2024-04-10T11:02:33+00:00,1483,2.8,,,,,
2024-04-10T11:02:36+00:00,1484,,0.08,,,,
2024-04-10T11:02:39+00:00,1485,1.53,,,,,
2024-04-10T11:02:41+00:00,1486,,0.08,,,,
2024-04-10T11:02:44+00:00,1487,0.06,,,,,
2024-04-10T11:02:46+00:00,1488,,0.08,,,,
2024-04-10T11:02:49+00:00,1489,0.08,,,,,
2024-04-10T11:02:51+00:00,1490,,0.06,,,,
2024-04-10T11:02:54+00:00,1491,1.48,,,,,
2024-04-10T11:02:56+00:00,1492,,0.08,,,,
2024-04-10T11:02:59+00:00,1493,1.96,,,,,
2024-04-10T11:03:01+00:00,1494,,0.08,,,,
2024-04-10T11:03:04+00:00,1495,0.7,,,,,
2024-04-10T11:03:06+00:00,1496,,0.06,,,,
2024-04-10T11:03:09+00:00,1497,0.1,,,,,
2024-04-10T11:03:11+00:00,1498,,0.08,,,,
2024-04-10T11:03:15+00:00,1499,1.1,,,,,
2024-04-10T11:03:17+00:00,1500,,0.06,,,,
2024-04-10T11:03:20+00:00,1501,1.3,,,,,
2024-04-10T11:03:22+00:00,1502,,0.08,,,,
2024-04-10T11:03:25+00:00,1503,0.07,,,,,
2024-04-10T11:03:27+00:00,1504,,0.08,,,,
2024-04-10T11:03:30+00:00,1505,0.07,,,,,
2024-04-10T11:03:32+00:00,1506,,0.09,,,,
2024-04-10T11:03:35+00:00,1507,0.07,,,,,
2024-04-10T11:03:37+00:00,1508,,0.09,,,,
2024-04-10T11:03:40+00:00,1509,0.05,,,,,
2024-04-10T11:03:42+00:00,1510,,0.06,,,,
2024-04-10T11:03:45+00:00,1511,0.07,,,,,
2024-04-10T11:03:47+00:00,1512,,0.07,,,,
2024-04-10T11:03:51+00:00,1513,0.07,,,,,
2024-04-10T11:03:53+00:00,1514,,0.07,,,,
2024-04-10T11:03:56+00:00,1515,0.06,,,,,
2024-04-10T11:03:58+00:00,1516,,0.07,,,,
2024-04-10T11:04:01+00:00,1517,0.05,,,,,
2024-04-10T11:04:03+00:00,1518,,0.08,,,,
2024-04-10T11:04:06+00:00,1519,0.09,,,,,
2024-04-10T11:04:08+00:00,1520,,0.09,,,,
2024-04-10T11:04:11+00:00,1521,0.07,,,,,
2024-04-10T11:04:13+00:00,1522,,0.09,,,,
2024-04-10T11:04:16+00:00,1523,0.08,,,,,
2024-04-10T11:04:18+00:00,1524,,0.07,,,,
2024-04-10T11:04:21+00:00,1525,0.09,,,,,
2024-04-10T11:04:23+00:00,1526,,0.09,,,,
2024-04-10T11:04:26+00:00,1527,0.09,,,,,
2024-04-10T11:04:28+00:00,1528,,0.09,,,,
2024-04-10T11:04:32+00:00,1529,0.08,,,,,
2024-04-10T11:04:34+00:00,1530,,0.08,,,,
2024-04-10T11:04:37+00:00,1531,0.06,,,,,
2024-04-10T11:04:39+00:00,1532,,0.08,,,,
2024-04-10T11:04:42+00:00,1533,0.09,,,,,
2024-04-10T11:04:44+00:00,1534,,0.08,,,,
2024-04-10T11:04:47+00:00,1535,0.13,,,,,
2024-04-10T11:04:49+00:00,1536,,0.1,,,,
2024-04-10T11:04:52+00:00,1537,0.1,,,,,
2024-04-10T11:04:54+00:00,1538,,0.08,,,,
2024-04-10T11:04:57+00:00,1539,0.08,,,,,
2024-04-10T11:04:59+00:00,1540,,0.09,,,,
2024-04-10T11:05:02+00:00,1541,0.09,,,,,
2024-04-10T11:05:04+00:00,1542,,0.09,,,,
2024-04-10T11:05:08+00:00,1543,0.06,,,,,
2024-04-10T11:05:10+00:00,1544,,0.07,,,,
2024-04-10T11:05:13+00:00,1545,0.09,,,,,
2024-04-10T11:05:15+00:00,1546,,0.1,,,,
2024-04-10T11:05:18+00:00,1547,0.06,,,,,
2024-04-10T11:05:20+00:00,1548,,0.08,,,,
2024-04-10T11:05:23+00:00,1549,0.08,,,,,
2024-04-10T11:05:25+00:00,1550,,0.08,,,,
2024-04-10T11:05:28+00:00,1551,0.09,,,,,
2024-04-10T11:05:30+00:00,1552,,0.09,,,,
2024-04-10T11:05:33+00:00,1553,0.06,,,,,
2024-04-10T11:05:35+00:00,1554,,0.06,,,,
2024-04-10T11:05:38+00:00,1555,0.07,,,,,
2024-04-10T11:05:40+00:00,1556,,0.06,,,,
2024-04-10T11:05:44+00:00,1557,0.08,,,,,
2024-04-10T11:05:46+00:00,1558,,0.1,,,,
2024-04-10T11:05:49+00:00,1559,0.09,,,,,
2024-04-10T11:05:51+00:00,1560,,0.1,,,,
2024-04-10T11:05:54+00:00,1561,0.08,,,,,
2024-04-10T11:05:56+00:00,1562,,0.09,,,,
2024-04-10T11:05:59+00:00,1563,0.06,,,,,
2024-04-10T11:06:01+00:00,1564,,0.07,,,,
2024-04-10T11:06:04+00:00,1565,0.06,,,,,
2024-04-10T11:06:06+00:00,1566,,0.06,,,,
2024-04-10T11:06:09+00:00,1567,0.08,,,,,
2024-04-10T11:06:11+00:00,1568,,0.09,,,,
2024-04-10T11:06:14+00:00,1569,0.07,,,,,
2024-04-10T11:06:16+00:00,1570,,1.61,,,,
2024-04-10T11:06:19+00:00,1571,0.07,,,,,
2024-04-10T11:06:21+00:00,1572,,1.27,,,,
2024-04-10T11:06:25+00:00,1573,2.84,,,,,
2024-04-10T11:06:27+00:00,1574,,1.46,,,,
2024-04-10T11:06:30+00:00,1575,0.06,,,,,
2024-04-10T11:06:32+00:00,1576,,0.97,,,,
2024-04-10T11:06:35+00:00,1577,2.71,,,,,
2024-04-10T11:06:37+00:00,1578,,1.97,,,,
2024-04-10T11:06:40+00:00,1579,0.08,,,,,
2024-04-10T11:06:42+00:00,1580,,1.33,,,,
2024-04-10T11:06:45+00:00,1581,2.53,,,,,
2024-04-10T11:06:47+00:00,1582,,1.7,,,,
2024-04-10T11:06:50+00:00,1583,1.92,,,,,
2024-04-10T11:06:52+00:00,1584,,1.44,,,,
2024-04-10T11:06:56+00:00,1585,1.55,,,,,
2024-04-10T11:06:57+00:00,1586,,0.06,,,,
2024-04-10T11:07:01+00:00,1587,1.5,,,,,
2024-04-10T11:07:03+00:00,1588,,0.05,,,,
2024-04-10T11:07:06+00:00,1589,1.49,,,,,
2024-04-10T11:07:08+00:00,1590,,1.46,,,,
2024-04-10T11:07:11+00:00,1591,1.48,,,,,
2024-04-10T11:07:13+00:00,1592,,1.53,,,,
2024-04-10T11:07:16+00:00,1593,1.48,,,,,
2024-04-10T11:07:18+00:00,1594,,0.05,,,,
2024-04-10T11:07:21+00:00,1595,1.48,,,,,
2024-04-10T11:07:23+00:00,1596,,0.08,,,,
2024-04-10T11:07:26+00:00,1597,1.47,,,,,
2024-04-10T11:07:28+00:00,1598,,0.08,,,,
2024-04-10T11:08:24+00:00,1599,0.09,,,,,
2024-04-10T11:08:26+00:00,1600,,0.39,,,,
2024-04-10T11:08:29+00:00,1601,0.09,,,,,
2024-04-10T11:08:31+00:00,1602,,0.88,,,,
2024-04-10T11:08:34+00:00,1603,0.09,,,,,
2024-04-10T11:08:36+00:00,1604,,1.39,,,,
2024-04-10T11:08:40+00:00,1605,0.1,,,,,
2024-04-10T11:08:42+00:00,1606,,1.59,,,,
2024-04-10T11:08:45+00:00,1607,0.08,,,,,
2024-04-10T11:08:47+00:00,1608,,1.67,,,,
2024-04-10T11:08:50+00:00,1609,0.09,,,,,
2024-04-10T11:08:52+00:00,1610,,1.5,,,,
2024-04-10T11:08:55+00:00,1611,0.08,,,,,
2024-04-10T11:08:57+00:00,1612,,0.94,,,,
2024-04-10T11:09:00+00:00,1613,0.08,,,,,
2024-04-10T11:09:02+00:00,1614,,0.62,,,,
2024-04-10T11:09:05+00:00,1615,0.08,,,,,
2024-04-10T11:09:07+00:00,1616,,0.51,,,,
2024-04-10T11:09:10+00:00,1617,0.09,,,,,
2024-04-10T11:09:12+00:00,1618,,0.06,,,,
2024-04-10T11:09:16+00:00,1619,0.1,,,,,
2024-04-10T11:09:18+00:00,1620,,0.07,,,,
2024-04-10T11:09:21+00:00,1621,0.1,,,,,
2024-04-10T11:09:23+00:00,1622,,0.05,,,,
2024-04-10T11:09:26+00:00,1623,0.09,,,,,
2024-04-10T11:09:28+00:00,1624,,0.05,,,,
2024-04-10T11:09:31+00:00,1625,0.08,,,,,
2024-04-10T11:09:33+00:00,1626,,0.05,,,,
2024-04-10T11:09:36+00:00,1627,0.09,,,,,
2024-04-10T11:09:38+00:00,1628,,0.07,,,,
2024-04-10T11:09:41+00:00,1629,0.08,,,,,
2024-04-10T11:09:43+00:00,1630,,0.06,,,,
2024-04-10T11:09:46+00:00,1631,0.08,,,,,
2024-04-10T11:09:48+00:00,1632,,0.06,,,,
2024-04-10T11:09:51+00:00,1633,0.09,,,,,
2024-04-10T11:09:53+00:00,1634,,0.06,,,,
2024-04-10T11:09:57+00:00,1635,0.11,,,,,
2024-04-10T11:09:59+00:00,1636,,0.05,,,,
2024-04-10T11:10:02+00:00,1637,0.08,,,,,
2024-04-10T11:10:04+00:00,1638,,0.06,,,,
2024-04-10T11:10:07+00:00,1639,0.09,,,,,
2024-04-10T11:10:09+00:00,1640,,0.07,,,,
2024-04-10T11:10:12+00:00,1641,0.09,,,,,
2024-04-10T11:10:14+00:00,1642,,0.06,,,,
2024-04-10T11:10:17+00:00,1643,0.08,,,,,
2024-04-10T11:10:19+00:00,1644,,0.09,,,,
2024-04-10T11:10:22+00:00,1645,0.1,,,,,
2024-04-10T11:10:24+00:00,1646,,0.06,,,,
2024-04-10T11:10:27+00:00,1647,0.08,,,,,
2024-04-10T11:10:29+00:00,1648,,0.07,,,,
2024-04-10T11:10:33+00:00,1649,0.08,,,,,
2024-04-10T11:10:35+00:00,1650,,0.05,,,,
2024-04-10T11:10:38+00:00,1651,0.09,,,,,
2024-04-10T11:10:40+00:00,1652,,0.06,,,,
2024-04-10T11:10:43+00:00,1653,0.08,,,,,
2024-04-10T11:10:45+00:00,1654,,0.05,,,,
2024-04-10T11:10:48+00:00,1655,0.09,,,,,
2024-04-10T11:10:50+00:00,1656,,0.05,,,,
2024-04-10T11:10:53+00:00,1657,0.07,,,,,
2024-04-10T11:10:55+00:00,1658,,0.07,,,,
2024-04-10T11:10:58+00:00,1659,0.09,,,,,
2024-04-10T11:11:00+00:00,1660,,0.06,,,,
2024-04-10T11:11:03+00:00,1661,0.07,,,,,
2024-04-10T11:11:05+00:00,1662,,0.05,,,,
2024-04-10T11:11:08+00:00,1663,0.09,,,,,
2024-04-10T11:11:10+00:00,1664,,0.07,,,,
2024-04-10T11:11:14+00:00,1665,0.09,,,,,
2024-04-10T11:11:16+00:00,1666,,0.07,,,,
2024-04-10T11:11:19+00:00,1667,0.1,,,,,
2024-04-10T11:11:21+00:00,1668,,0.08,,,,
2024-04-10T11:11:24+00:00,1669,0.09,,,,,
2024-04-10T11:11:26+00:00,1670,,0.07,,,,
2024-04-10T11:11:29+00:00,1671,0.08,,,,,
2024-04-10T11:11:31+00:00,1672,,0.06,,,,
2024-04-10T11:11:34+00:00,1673,0.08,,,,,
2024-04-10T11:11:36+00:00,1674,,0.06,,,,
2024-04-10T11:11:39+00:00,1675,0.08,,,,,
2024-04-10T11:11:41+00:00,1676,,0.06,,,,
2024-04-10T11:11:44+00:00,1677,0.08,,,,,
2024-04-10T11:11:46+00:00,1678,,0.05,,,,
2024-04-10T11:11:50+00:00,1679,0.1,,,,,
2024-04-10T11:11:52+00:00,1680,,2.96,,,,
2024-04-10T11:11:55+00:00,1681,0.08,,,,,
2024-04-10T11:11:57+00:00,1682,,0.04,,,,
2024-04-10T11:12:00+00:00,1683,0.08,,,,,
2024-04-10T11:12:02+00:00,1684,,2.29,,,,
2024-04-10T11:12:05+00:00,1685,0.09,,,,,
2024-04-10T11:12:07+00:00,1686,,1.52,,,,
2024-04-10T11:12:10+00:00,1687,0.09,,,,,
2024-04-10T11:12:12+00:00,1688,,1.51,,,,
2024-04-10T11:12:15+00:00,1689,0.09,,,,,
2024-04-10T11:12:17+00:00,1690,,1.51,,,,
2024-04-10T11:12:20+00:00,1691,0.08,,,,,
2024-04-10T11:12:22+00:00,1692,,1.52,,,,
2024-04-10T11:12:26+00:00,1693,0.09,,,,,
2024-04-10T11:12:28+00:00,1694,,1.51,,,,
2024-04-10T11:12:31+00:00,1695,0.09,,,,,
2024-04-10T11:12:33+00:00,1696,,1.51,,,,
2024-04-10T11:12:36+00:00,1697,0.07,,,,,
2024-04-10T11:12:38+00:00,1698,,1.53,,,,
2024-04-10T11:12:41+00:00,1699,0.1,,,,,
2024-04-10T11:12:43+00:00,1700,,1.52,,,,
2024-04-10T11:12:46+00:00,1701,0.09,,,,,
2024-04-10T11:12:48+00:00,1702,,1.53,,,,
2024-04-10T11:12:51+00:00,1703,0.07,,,,,
2024-04-10T11:12:53+00:00,1704,,1.53,,,,
2024-04-10T11:12:56+00:00,1705,0.09,,,,,
2024-04-10T11:12:58+00:00,1706,,1.52,,,,
2024-04-10T11:13:02+00:00,1707,0.07,,,,,
2024-04-10T11:13:04+00:00,1708,,1.52,,,,
2024-04-10T11:13:07+00:00,1709,0.08,,,,,
2024-04-10T11:13:09+00:00,1710,,1.51,,,,
2024-04-10T11:13:12+00:00,1711,0.08,,,,,
2024-04-10T11:13:14+00:00,1712,,1.51,,,,
2024-04-10T11:13:17+00:00,1713,0.09,,,,,
2024-04-10T11:13:19+00:00,1714,,1.53,,,,
2024-04-10T11:13:22+00:00,1715,0.07,,,,,
2024-04-10T11:13:24+00:00,1716,,1.52,,,,
2024-04-10T11:13:27+00:00,1717,0.09,,,,,
2024-04-10T11:13:29+00:00,1718,,1.52,,,,
2024-04-10T11:13:32+00:00,1719,0.08,,,,,
2024-04-10T11:13:34+00:00,1720,,1.54,,,,
2024-04-10T11:13:38+00:00,1721,0.09,,,,,
2024-04-10T11:13:40+00:00,1722,,1.54,,,,
2024-04-10T11:13:43+00:00,1723,0.08,,,,,
2024-04-10T11:13:45+00:00,1724,,1.52,,,,
2024-04-10T11:13:48+00:00,1725,0.07,,,,,
2024-04-10T11:13:50+00:00,1726,,1.51,,,,
2024-04-10T11:13:53+00:00,1727,0.08,,,,,
2024-04-10T11:13:55+00:00,1728,,1.52,,,,
2024-04-10T11:13:58+00:00,1729,0.11,,,,,
2024-04-10T11:14:00+00:00,1730,,1.54,,,,
2024-04-10T11:14:03+00:00,1731,0.07,,,,,
2024-04-10T11:14:05+00:00,1732,,0.07,,,,
2024-04-10T11:14:08+00:00,1733,0.08,,,,,
2024-04-10T11:14:10+00:00,1734,,0.05,,,,
2024-04-10T11:14:13+00:00,1735,0.08,,,,,
2024-04-10T11:14:16+00:00,1736,,0.07,,,,
2024-04-10T11:14:19+00:00,1737,0.08,,,,,
2024-04-10T11:14:21+00:00,1738,,0.07,,,,
2024-04-10T11:14:24+00:00,1739,0.09,,,,,
2024-04-10T11:14:26+00:00,1740,,0.07,,,,
2024-04-10T11:14:29+00:00,1741,0.08,,,,,
2024-04-10T11:14:31+00:00,1742,,0.05,,,,
2024-04-10T11:14:34+00:00,1743,0.08,,,,,
2024-04-10T11:14:36+00:00,1744,,0.05,,,,
2024-04-10T11:14:39+00:00,1745,0.08,,,,,
2024-04-10T11:14:41+00:00,1746,,0.06,,,,
2024-04-10T11:14:44+00:00,1747,0.08,,,,,
2024-04-10T11:14:46+00:00,1748,,0.05,,,,
2024-04-10T11:14:49+00:00,1749,0.08,,,,,
2024-04-10T11:14:51+00:00,1750,,1.93,,,,
2024-04-10T11:14:55+00:00,1751,0.09,,,,,
2024-04-10T11:14:57+00:00,1752,,0.06,,,,
2024-04-10T11:15:00+00:00,1753,0.07,,,,,
2024-04-10T11:15:02+00:00,1754,,1.56,,,,
2024-04-10T11:15:05+00:00,1755,0.07,,,,,
2024-04-10T11:15:07+00:00,1756,,1.52,,,,
2024-04-10T11:15:10+00:00,1757,0.09,,,,,
2024-04-10T11:15:12+00:00,1758,,1.52,,,,
2024-04-10T11:15:15+00:00,1759,0.09,,,,,
2024-04-10T11:15:17+00:00,1760,,1.54,,,,
2024-04-10T11:15:20+00:00,1761,0.09,,,,,
2024-04-10T11:15:22+00:00,1762,,1.53,,,,
2024-04-10T11:15:25+00:00,1763,0.1,,,,,
2024-04-10T11:15:27+00:00,1764,,1.52,,,,
2024-04-10T11:15:31+00:00,1765,0.07,,,,,
2024-04-10T11:15:33+00:00,1766,,1.52,,,,
2024-04-10T11:15:36+00:00,1767,0.09,,,,,
2024-04-10T11:15:38+00:00,1768,,1.54,,,,
2024-04-10T11:15:41+00:00,1769,0.08,,,,,
2024-04-10T11:15:43+00:00,1770,,1.52,,,,
2024-04-10T11:15:46+00:00,1771,0.09,,,,,
2024-04-10T11:15:48+00:00,1772,,1.52,,,,
2024-04-10T11:15:51+00:00,1773,0.1,,,,,
2024-04-10T11:15:53+00:00,1774,,1.53,,,,
2024-04-10T11:15:56+00:00,1775,0.1,,,,,
2024-04-10T11:15:58+00:00,1776,,1.52,,,,
2024-04-10T11:16:01+00:00,1777,0.09,,,,,
2024-04-10T11:16:03+00:00,1778,,1.52,,,,
2024-04-10T11:16:07+00:00,1779,0.08,,,,,
2024-04-10T11:16:09+00:00,1780,,1.53,,,,
2024-04-10T11:16:12+00:00,1781,0.07,,,,,
2024-04-10T11:16:14+00:00,1782,,1.54,,,,
2024-04-10T11:16:17+00:00,1783,0.09,,,,,
2024-04-10T11:16:19+00:00,1784,,1.53,,,,
2024-04-10T11:16:22+00:00,1785,0.08,,,,,
2024-04-10T11:16:24+00:00,1786,,1.54,,,,
2024-04-10T11:16:27+00:00,1787,0.09,,,,,
2024-04-10T11:16:29+00:00,1788,,1.55,,,,
2024-04-10T11:16:32+00:00,1789,0.07,,,,,
2024-04-10T11:16:34+00:00,1790,,1.53,,,,
2024-04-10T11:16:38+00:00,1791,0.08,,,,,
2024-04-10T11:16:39+00:00,1792,,1.57,,,,
2024-04-10T11:16:43+00:00,1793,0.09,,,,,
2024-04-10T11:16:45+00:00,1794,,1.54,,,,
2024-04-10T11:16:48+00:00,1795,0.08,,,,,
2024-04-10T11:16:50+00:00,1796,,1.54,,,,
2024-04-10T11:16:53+00:00,1797,0.09,,,,,
2024-04-10T11:16:55+00:00,1798,,1.53,,,,
2024-04-10T11:16:58+00:00,1799,0.1,,,,,
2024-04-10T11:17:00+00:00,1800,,1.53,,,,
2024-04-10T11:17:03+00:00,1801,0.08,,,,,
2024-04-10T11:17:05+00:00,1802,,0.05,,,,
2024-04-10T11:17:08+00:00,1803,0.1,,,,,
2024-04-10T11:17:10+00:00,1804,,0.05,,,,
2024-04-10T11:17:13+00:00,1805,0.1,,,,,
2024-04-10T11:17:15+00:00,1806,,0.07,,,,
2024-04-10T11:17:19+00:00,1807,0.08,,,,,
2024-04-10T11:17:21+00:00,1808,,0.06,,,,
2024-04-10T11:17:24+00:00,1809,0.09,,,,,
2024-04-10T11:17:26+00:00,1810,,0.05,,,,
2024-04-10T11:17:29+00:00,1811,0.09,,,,,
2024-04-10T11:17:31+00:00,1812,,0.06,,,,
2024-04-10T11:17:34+00:00,1813,0.09,,,,,
2024-04-10T11:17:36+00:00,1814,,0.06,,,,
2024-04-10T11:17:39+00:00,1815,0.1,,,,,
2024-04-10T11:17:41+00:00,1816,,0.06,,,,
2024-04-10T11:17:44+00:00,1817,0.08,,,,,
2024-04-10T11:17:46+00:00,1818,,0.06,,,,
2024-04-10T11:17:49+00:00,1819,0.09,,,,,
2024-04-10T11:17:51+00:00,1820,,0.05,,,,
2024-04-10T11:17:55+00:00,1821,0.09,,,,,
2024-04-10T11:17:57+00:00,1822,,0.04,,,,
2024-04-10T11:18:00+00:00,1823,0.1,,,,,
2024-04-10T11:18:02+00:00,1824,,0.05,,,,
2024-04-10T11:18:05+00:00,1825,0.08,,,,,
2024-04-10T11:18:07+00:00,1826,,0.05,,,,
2024-04-10T11:18:10+00:00,1827,0.09,,,,,
2024-04-10T11:18:12+00:00,1828,,0.06,,,,
2024-04-10T11:18:15+00:00,1829,0.08,,,,,
2024-04-10T11:18:17+00:00,1830,,0.05,,,,
2024-04-10T11:18:20+00:00,1831,0.09,,,,,
2024-04-10T11:18:22+00:00,1832,,0.05,,,,
2024-04-10T11:18:25+00:00,1833,0.08,,,,,
2024-04-10T11:18:27+00:00,1834,,0.06,,,,
2024-04-10T11:18:30+00:00,1835,0.08,,,,,
2024-04-10T11:18:32+00:00,1836,,0.03,,,,
2024-04-10T11:18:36+00:00,1837,0.08,,,,,
2024-04-10T11:18:38+00:00,1838,,0.06,,,,
2024-04-10T11:18:41+00:00,1839,0.09,,,,,
2024-04-10T11:18:43+00:00,1840,,0.05,,,,
2024-04-10T11:18:46+00:00,1841,0.08,,,,,
2024-04-10T11:18:48+00:00,1842,,0.06,,,,
2024-04-10T11:18:51+00:00,1843,0.08,,,,,
2024-04-10T11:18:53+00:00,1844,,0.06,,,,
2024-04-10T11:18:56+00:00,1845,0.08,,,,,
2024-04-10T11:18:58+00:00,1846,,0.06,,,,
2024-04-10T11:19:01+00:00,1847,0.08,,,,,
2024-04-10T11:19:03+00:00,1848,,0.05,,,,
2024-04-10T11:19:06+00:00,1849,0.09,,,,,
2024-04-10T11:19:08+00:00,1850,,0.05,,,,
2024-04-10T11:19:11+00:00,1851,0.07,,,,,
2024-04-10T11:19:13+00:00,1852,,0.06,,,,
2024-04-10T11:19:17+00:00,1853,0.09,,,,,
2024-04-10T11:19:19+00:00,1854,,0.06,,,,
2024-04-10T11:19:22+00:00,1855,0.09,,,,,
2024-04-10T11:19:24+00:00,1856,,0.06,,,,
2024-04-10T11:19:27+00:00,1857,0.07,,,,,
2024-04-10T11:19:29+00:00,1858,,0.05,,,,
2024-04-10T11:19:32+00:00,1859,0.09,,,,,
2024-04-10T11:19:34+00:00,1860,,0.05,,,,
2024-04-10T11:19:37+00:00,1861,0.08,,,,,
2024-04-10T11:19:39+00:00,1862,,0.05,,,,
2024-04-10T11:19:42+00:00,1863,0.09,,,,,
2024-04-10T11:19:44+00:00,1864,,0.03,,,,
2024-04-10T11:19:48+00:00,1865,0.09,,,,,
2024-04-10T11:19:49+00:00,1866,,0.09,,,,
2024-04-10T11:19:53+00:00,1867,0.09,,,,,
2024-04-10T11:19:55+00:00,1868,,0.06,,,,
2024-04-10T11:19:58+00:00,1869,0.08,,,,,
2024-04-10T11:20:00+00:00,1870,,0.06,,,,
2024-04-10T11:20:03+00:00,1871,0.08,,,,,
2024-04-10T11:20:05+00:00,1872,,0.04,,,,
2024-04-10T11:20:08+00:00,1873,0.09,,,,,
2024-04-10T11:20:10+00:00,1874,,0.06,,,,
2024-04-10T11:20:13+00:00,1875,0.08,,,,,
2024-04-10T11:20:15+00:00,1876,,0.03,,,,
2024-04-10T11:20:18+00:00,1877,0.08,,,,,
2024-04-10T11:20:20+00:00,1878,,0.05,,,,
2024-04-10T11:20:23+00:00,1879,0.09,,,,,
2024-04-10T11:20:25+00:00,1880,,0.06,,,,
2024-04-10T11:20:28+00:00,1881,0.1,,,,,
2024-04-10T11:20:30+00:00,1882,,0.07,,,,
2024-04-10T11:20:34+00:00,1883,0.08,,,,,
2024-04-10T11:20:36+00:00,1884,,0.04,,,,
2024-04-10T11:20:39+00:00,1885,0.09,,,,,
2024-04-10T11:20:41+00:00,1886,,0.03,,,,
2024-04-10T11:20:44+00:00,1887,0.08,,,,,
2024-04-10T11:20:46+00:00,1888,,0.05,,,,
2024-04-10T11:20:49+00:00,1889,0.09,,,,,
2024-04-10T11:20:51+00:00,1890,,0.07,,,,
2024-04-10T11:20:54+00:00,1891,0.04,,,,,
2024-04-10T11:20:56+00:00,1892,,0.05,,,,
2024-04-10T11:20:59+00:00,1893,0.06,,,,,
2024-04-10T11:21:01+00:00,1894,,0.05,,,,
2024-04-10T11:21:04+00:00,1895,0.05,,,,,
2024-04-10T11:21:06+00:00,1896,,0.05,,,,
2024-04-10T11:21:10+00:00,1897,0.06,,,,,
2024-04-10T11:21:12+00:00,1898,,0.05,,,,
